Country,Year,Population_Million,GDP_Billion_USD,PPP_Factor,AI_Publications,AI_High_Impact_Publications,AI_High_Impact_Ratio,AI_VC_Investment,AI_VC_Investment_Constant2020,GenAI_VC_Investment,GenAI_VC_Investment_Constant2020,AI_Compute_VC_Investment,AI_Compute_VC_Investment_Constant2020,GitHub_AI_Projects,GitHub_High_Impact_Projects,Electricity_Production_TWh,AI_Publications_log,AI_High_Impact_Publications_log,AI_VC_Investment_log,AI_VC_Investment_Constant2020_log,GenAI_VC_Investment_log,GenAI_VC_Investment_Constant2020_log,AI_Compute_VC_Investment_log,AI_Compute_VC_Investment_Constant2020_log,GitHub_AI_Projects_log,GitHub_High_Impact_Projects_log,Electricity_Production_TWh_log,AI_VC_Investment_Constant2020_lag1,AI_VC_Investment_Constant2020_lag2,AI_VC_Investment_Constant2020_lag3,GenAI_VC_Investment_Constant2020_lag1,GenAI_VC_Investment_Constant2020_lag2,GenAI_VC_Investment_Constant2020_lag3,Electricity_Production_TWh_lag1,Electricity_Production_TWh_lag2,Electricity_Production_TWh_lag3,AI_Publications_YoY_Growth,AI_VC_Investment_Constant2020_YoY_Growth,GitHub_AI_Projects_YoY_Growth,AI_Publications_PerCapita,AI_VC_Investment_Constant2020_PerCapita,GitHub_AI_Projects_PerCapita,AI_VC_Investment_Constant2020_PPP,GenAI_VC_Investment_Constant2020_PPP
USA,2016,331.9,25462,1.0,8523.735148458798,3761.9597401058863,0.4413510831323868,20297.234634,21887.18468033,298.968472,322.38766897333335,1035.065914,1116.1460772633334,15011.70212,983.4373179,4087.56,9.050727234039643,8.232961091653898,9.91828919740594,9.993702257901758,5.703677375800177,5.778851817081907,6.94318604434766,7.0185325669406735,9.616651929744735,6.892070227083206,8.315948108803143,,,,,,,,,,,,,25.68163648225007,65.94511804859899,45.2295936125339,21887.18468033,322.38766897333335
USA,2017,331.9,25462,1.0,9972.448674382946,4461.444988830612,0.4473770820491756,30720.361849,32437.493457858836,596.584945,629.9313903141574,2157.761452,2278.3707212468385,28151.85933,1818.91055,4052.3100000000004,9.207681708298244,8.403452098578995,10.332713517301153,10.387101066271125,6.3928964410648605,6.447197124956212,7.677289934368647,7.731654684400487,10.245404203187443,7.5065426305113725,8.307289110256532,21887.18468033,,,322.38766897333335,,,4087.56,,,16.996228774026314,48.20313316499949,87.53276014245878,30.046546171687094,97.73273111738125,84.82030530280205,32437.493457858836,629.9313903141574
USA,2018,331.9,25462,1.0,13670.067444765547,5913.314816880373,0.43257393138500283,45112.851551,46496.24046753804,438.437684,451.88240788211874,3250.566051,3350.2448984420553,34637.47609,2126.193128,4201.55,9.523037013338413,8.685130931474552,10.716944608070012,10.747148245030347,6.085495918676402,6.115632506535765,8.0868920211118,8.117087167263909,10.45272036892575,7.662558609385796,8.343446762891947,32437.493457858836,21887.18468033,,629.9313903141574,322.38766897333335,,4052.3100000000004,4087.56,,37.07834345521357,43.34103998492862,23.037969478231247,41.18730775765456,140.09111318932824,104.36118134980416,46496.24046753804,451.88240788211874
USA,2019,331.9,25462,1.0,17118.4483702468,6905.5130005704095,0.403395965055614,52159.5508395,52791.91144803519,2621.928106,2653.7152672381694,2570.3105,2601.4718709425106,35349.49976,1856.152148,4158.38,9.747970427812525,8.840220158505637,10.862081757118009,10.874132207803507,7.872046570417658,7.884092683946902,7.85217097010212,7.864216991955212,10.473067808707105,7.526799490145077,8.333121303686436,46496.24046753804,32437.493457858836,21887.18468033,451.88240788211874,629.9313903141574,322.38766897333335,4201.55,4052.3100000000004,4087.56,25.22577843463152,13.540172102500536,2.0556453598117974,51.577126755790296,159.0596910154721,106.50647713166617,52791.91144803519,2653.7152672381694
USA,2020,331.9,25462,1.0,20165.66436091591,7494.118505660602,0.3716276524063016,62871.0791505,62871.0791505,1100.916507,1100.916507,3759.115692,3759.115692,43785.54878,1701.767476,4043.18,9.911786241016069,8.922007221707311,11.048857451460156,11.048857451460156,7.004806221869773,7.004806221869773,8.232205005059516,8.232205005059516,10.68708194371854,7.440010133466204,8.30503408953556,52791.91144803519,46496.24046753804,32437.493457858836,2653.7152672381694,451.88240788211874,629.9313903141574,4158.38,4201.55,4052.3100000000004,17.800772153891064,19.092257556133507,23.864691374065416,60.75825357311212,189.4277768921362,131.92391919252788,62871.0791505,1100.916507
USA,2021,331.9,25462,1.0,20746.61549576406,6964.328121697151,0.33568502405219264,139274.912796,133004.97207234244,5479.309022,5232.639021747602,6670.631356,6370.329870600738,34987.01611,1064.719312,4153.62,9.940186603188717,8.848699995182818,11.844212228778867,11.798149308995358,8.608916769228069,8.562862112761293,8.805619690114032,8.759563497671534,10.46276088498322,6.971405260485259,8.331976247030171,62871.0791505,52791.91144803519,46496.24046753804,1100.916507,2653.7152672381694,451.88240788211874,4043.18,4158.38,4201.55,2.8808926125643675,111.5519152358699,-20.09460407635435,62.50863361182303,400.73809000404475,105.41432994877975,133004.97207234244,5232.639021747602
USA,2022,331.9,25462,1.0,14455.656549614472,5444.049484750415,0.3766034054603771,76731.1734885,67844.30371993099,1566.436656,1385.0147132654597,5758.911658,5091.9246227892045,32494.68409,676.3419467,4286.89,9.578910248341906,8.602462123434197,11.248076371220414,11.12498544724379,7.3571968608452405,7.234187795325148,8.658677416419543,8.535607526615884,10.388862562268727,6.518176236534053,8.36355004943652,133004.97207234244,62871.0791505,52791.91144803519,5232.639021747602,1100.916507,2653.7152672381694,4153.62,4043.18,4158.38,-30.32282035319951,-48.99115223825622,-7.1235912550074225,43.55425293647024,204.41188225348296,97.9050439590238,67844.30371993099,1385.0147132654597
USA,2023,331.9,25462,1.0,15678.899826134444,4935.133500973799,0.31476274200997506,71776.363503,60963.97398942042,13141.831763000002,11162.146571264853,8767.586815999999,7446.837768233672,34313.70614558823,536.0667586525735,4253.91,9.660134905244606,8.50433761160801,11.181324433781832,11.018054781346532,9.483631775897912,9.32037314702482,9.078930933955585,8.91567903679616,10.443329291866997,6.286122404570826,8.355828889197408,67844.30371993099,133004.97207234244,62871.0791505,1385.0147132654597,5232.639021747602,1100.916507,4286.89,4153.62,4043.18,8.462038872614164,-10.141352115445624,5.597906570041156,47.23983075063105,183.68175350834716,103.38567684720769,60963.97398942042,11162.146571264853
USA,2024,331.9,25462,1.0,11236.7855133607,2963.10330707442,0.26369670432449277,98397.492219,80970.65496431543,20755.727133,17079.752566042607,18984.552852,15622.264795222894,32112.13355389864,377.2487550103895,4391.0199999999995,9.327037085652732,7.994329839747332,11.496780759945304,11.301854433699582,9.940625672298369,9.745707527615606,9.851433592705433,9.656516415332014,10.377020370422388,5.935552061216623,8.38754453691306,60963.97398942042,67844.30371993099,133004.97207234244,11162.146571264853,1385.0147132654597,5232.639021747602,4253.91,4286.89,4153.62,-28.33179854475111,32.817219196319016,-6.416015169998335,33.85593706948087,243.96099718082385,96.7524361370854,80970.65496431543,17079.752566042607
USA,2025,331.9,25462,1.0,5735.778218762203,435.0889516096631,0.07585526061423563,194115.5306695,156501.8670942885,29158.1841325,23508.218235174456,53189.723847500005,42883.179226582564,31087.000008486903,275.0322701536804,4355.373107243786,8.654653045803768,6.07784623999366,12.17621393126744,11.960829608885835,10.280525206735977,10.065147888542894,10.88163929635781,10.66625825430194,10.344577171890217,5.620517779729108,8.37939513402202,80970.65496431543,60963.97398942042,67844.30371993099,17079.752566042607,11162.146571264853,1385.0147132654597,4391.0199999999995,4253.91,4286.89,-48.95534659852429,93.28220472374889,-3.192355760762833,17.281645732938244,471.53319401713924,93.66375416838477,156501.8670942885,23508.218235174456
CHN,2016,1411.8,17963,0.237,8291.047950930752,2403.753497264694,0.2899215529195979,19325.2535635,20839.06509264083,0.0,0.0,1281.5671355,1381.9565611141666,2779.604994,264.2924566,6133.16,9.0230522563333,7.7852026813469575,9.869219738803308,9.944632619309681,0.0,0.0,7.15661892304327,7.231978921998787,7.930423806749078,5.580832827267914,8.721628428455304,,,,,,,,,,,,,5.872678814938909,14.760635424734971,1.9688376498087548,87928.54469468705,0.0
CHN,2017,1411.8,17963,0.237,9768.475012635794,3164.01098318728,0.32390019722572294,33142.854728,34995.39291557079,21.494016,22.695435906976744,2240.609294,2365.8493891766625,6599.978209,701.9058822,6604.44,9.187018008960091,8.059911804773607,10.408612600691875,10.46300027560543,3.113249318282368,3.1652824518309126,7.714949321719757,7.7693149780753785,8.794973130516832,6.555223002620311,8.795648830937514,20839.06509264083,,,0.0,,,6133.16,,,17.81954549592475,67.93168388311798,137.44302601436468,6.9191634881964825,24.78778362060546,4.674867693016008,147659.88571970796,95.76133294083014
CHN,2018,1411.8,17963,0.237,14421.967556938158,4761.203647350146,0.3301355122699339,37776.7768685,38935.20451440781,8.0,8.245320589406612,4314.1203365,4446.413154465154,7819.024924,943.6508226,7166.140000000001,9.576577184183362,8.468465791220636,10.539476295187006,10.569679804078287,2.1972245773362196,2.224117541296437,8.369880491077682,8.400077892528689,8.964443020746554,6.850815359317656,8.877261969778298,34995.39291557079,20839.06509264083,,22.695435906976744,0.0,,6604.44,6133.16,,47.63786095867515,11.258086481103756,18.470465756048384,10.21530497020694,27.578413737362098,5.538337529395099,164283.5633519317,34.79038223378318
CHN,2019,1411.8,17963,0.237,19170.15228325956,6634.253724458709,0.34607204087012433,24701.242865,25000.710416355105,10.0,10.121235823230348,2234.4569140000003,2261.5465363441535,7264.331769,839.4007246,7503.429999999999,9.86116194290614,8.800152186345446,10.114649322744624,10.12669951816423,2.3978952727983707,2.4088564178299645,7.712200921947703,7.724246243912454,8.89086924172012,6.733878831178946,8.923248791816174,38935.20451440781,34995.39291557079,20839.06509264083,8.245320589406612,22.695435906976744,0.0,7166.140000000001,6604.44,6133.16,32.92327976453622,-35.78893259157353,-7.094147421085772,13.578518404348745,17.70839383507232,5.145439700382491,105488.22960487386,42.70563638493818
CHN,2020,1411.8,17963,0.237,22558.845111166705,8264.907159903529,0.3663710229479953,32607.247347,32607.247347,20.0,20.0,6358.952349,6358.952349,5762.306754,571.6760776,7779.07,10.023926839948652,9.019894763446,10.392320521463505,10.392320521463505,3.044522437723423,3.044522437723423,8.757776164010503,8.757776164010503,8.659266678199865,6.350320247268419,8.959320614561266,25000.710416355105,38935.20451440781,34995.39291557079,10.121235823230348,8.245320589406612,22.695435906976744,7503.429999999999,7166.140000000001,6604.44,17.676921799240695,30.425283137829595,-20.676712776387518,15.978782484180979,23.096222798555036,4.081531912452189,137583.3221392405,84.38818565400844
CHN,2021,1411.8,17963,0.237,29356.871662458616,9500.62993304644,0.32362542038822845,53109.878356,50718.953942925466,114.024565,108.89135580073801,9999.6888495,9549.518355168266,5319.723245,527.189301,8534.26,10.287315989040174,9.159218634771483,10.880137051709362,10.834074681045346,4.745145714247813,4.6994922031817765,9.210409254553724,9.164350710029868,8.579364521403827,6.269454744072879,9.051961097564794,32607.247347,25000.710416355105,38935.20451440781,20.0,10.121235823230348,8.245320589406612,7779.07,7503.429999999999,7166.140000000001,30.13463906415521,55.54503390974466,-7.680665537161369,20.79393091263537,35.92502758388261,3.7680430974642305,214004.02507563488,459.4571974714684
CHN,2022,1411.8,17963,0.237,33997.4071715309,11385.036671773008,0.33487955755951676,25078.5079305,22173.9591814602,215.5173075,190.55647140758455,6460.353177499999,5712.126417277075,5518.969349,337.5389332,8848.71,10.43406895460475,9.340143030283375,10.12980637455837,10.00671896643021,5.3776704865106115,5.255182655006071,8.773594045042067,8.65052168648193,8.616127586538333,5.824639102577396,9.088139969103498,50718.953942925466,32607.247347,25000.710416355105,108.89135580073801,20.0,10.121235823230348,8534.26,7779.07,7503.429999999999,15.807322941042678,-56.2807245464629,3.7454223617228832,24.08089472413295,15.706161766156821,3.9091722262360107,93561.00920447342,804.0357443357998
CHN,2023,1411.8,17963,0.237,38211.3142507282,11353.060325801142,0.2971125319403214,21182.585681,17991.641530170004,597.38889,507.39824329504427,3239.705898,2751.6766865848376,5883.067385955882,247.03698748345587,9456.449999999999,10.55091310523152,9.33733069689263,9.960981900435579,9.797718149415772,6.394240860311443,6.231265083949464,8.083546454809294,7.920329057848137,8.680003534061576,5.51357787812271,9.154558069683798,22173.9591814602,50718.953942925466,32607.247347,190.55647140758455,108.89135580073801,20.0,8848.71,8534.26,7779.07,12.39478957302953,-18.861393299519825,6.597210709674517,27.065670952492,12.743760823183173,4.1670685550048745,75914.09928341775,2140.920857784997
CHN,2024,1411.8,17963,0.237,32983.88453742076,7583.341297601956,0.2299104973217612,17622.696957,14501.602456189508,1987.869571,1635.8049124794913,2045.7649285,1683.4466247879175,6149.120285728231,174.32733869128228,10086.880000000001,10.40380469119369,8.933841045243216,9.77699969342967,9.582083392041312,7.595321701540429,7.400501396463319,7.624015741988356,7.429192376258465,8.724226919264293,5.166654733511434,9.219089982252832,17991.641530170004,22173.9591814602,50718.953942925466,507.39824329504427,190.55647140758455,108.89135580073801,9456.449999999999,8848.71,8534.26,-13.68031907776588,-19.398113663659224,4.522350031336941,23.3630008056529,10.271711613677226,4.355517981107969,61188.196017677255,6902.130432402917
CHN,2025,1411.8,17963,0.237,15997.182349256993,977.1253093424162,0.06108108840728442,13852.906799,11168.636384988164,1285.4371629999998,1036.3586846866042,3076.307906,2480.2133522517133,6541.173185116662,123.69875777632609,10637.460361731095,9.680230391597151,6.885637789989086,9.536322551188766,9.320954338712278,7.159631787155428,6.944433035296782,8.031810437264005,7.81650297445306,8.78602468055696,4.825900890938907,9.272231049580347,14501.602456189508,17991.641530170004,22173.9591814602,1635.8049124794913,507.39824329504427,190.55647140758455,10086.880000000001,9456.449999999999,8848.71,-51.50000500666341,-22.983432908676814,6.375755899561186,11.331054221034844,7.910919666374957,4.633215175744909,47125.048037924746,4372.821454373858
GBR,2016,67.5,3070,0.69,2294.2267676355173,998.4261778957372,0.43519071086627503,970.9711965,1047.0306068925001,5.853453999999999,6.311974563333333,14.818711,15.979510028333335,2673.349406,218.6147601,339.18,7.738586927040556,6.907181292178962,6.879326170790914,6.954668069504624,1.9247527587677442,1.9895133553894158,2.761193479879574,2.832007324656107,7.891461417038819,5.391874920946773,5.829474889285946,,,,,,,,,,,,,33.98854470571137,15.511564546555558,39.60517638518518,1517.4356621630438,9.147789222222222
GBR,2017,67.5,3070,0.69,2383.238395301803,1036.135061168103,0.4347593019694076,2150.300806,2270.4930583141577,13.737844,14.50572838514892,42.007845,44.355896719706244,4939.19826,426.2767406,338.22,7.776635021215051,6.944217441955211,7.673827964213753,7.728192629202782,2.690418607406171,2.7412095288852485,3.7613825409135355,3.8145401950037785,8.505160742979875,6.057431907749283,5.826648864443693,1047.0306068925001,,,6.311974563333333,,,339.18,,,3.8798094818683904,116.85068644294864,84.7569288516714,35.30723548595264,33.63693419724678,73.17330755555555,3290.5696497306635,21.022794761085393
GBR,2018,67.5,3070,0.69,2945.7157674058085,1218.4355997935647,0.4136297239793096,2362.266765,2434.705849390681,10.48876,10.810398598168062,79.44786400000001,81.88413860294705,6000.90406,540.9432446,333.76,7.988446529971518,7.106143407564183,7.76780016332455,7.797991870057083,2.441369166106515,2.4689803805430297,4.387609322433338,4.4174437121455865,8.69983204120078,6.295161281196525,5.813413857164673,2270.4930583141577,1047.0306068925001,,14.50572838514892,6.311974563333333,,338.22,339.18,,23.601389320214274,7.232472721077232,21.495508868275316,43.640233591197166,36.06971628726935,88.90228237037037,3528.55920201548,15.667244345171106
GBR,2019,67.5,3070,0.69,3861.515377976296,1494.7594302517314,0.3870914094443125,3874.54296,3921.5163005396953,11.042573,11.176448542823621,58.9938445,59.70906123034806,7013.762968,539.1132163,327.19,8.259073902551162,7.310389336948065,8.262441050681415,8.274488640249208,2.488448121368097,2.499503638714768,4.094241965292549,4.106092965842883,8.855772202657066,6.291778777397587,5.793592708965712,2434.705849390681,2270.4930583141577,1047.0306068925001,10.810398598168062,14.50572838514892,6.311974563333333,333.76,338.22,339.18,31.089204895589795,61.06735446177653,16.87843861313123,57.20763522927846,58.096537785773265,103.90759952592593,5683.356957303907,16.197751511338584
GBR,2020,67.5,3070,0.69,4489.125247545026,1634.6519580150823,0.3641359658897971,3321.7409075,3321.7409075,17.066911,17.066911,65.022449,65.022449,8881.754615,458.3540365,310.3,8.409635875123422,7.399796754930831,8.108545295859507,8.108545295859507,2.8940821436712825,2.8940821436712825,4.1899948205568025,4.1899948205568025,9.091866992274673,6.129821234095869,5.7407570774475625,3921.5163005396953,2434.705849390681,2270.4930583141577,11.176448542823621,10.810398598168062,14.50572838514892,327.19,333.76,338.22,16.252942384956693,-15.294476602255912,26.63323034329266,66.50555922288926,49.21097640740741,131.58154985185186,4814.117257246377,24.73465362318841
GBR,2021,67.5,3070,0.69,4664.191940574826,1529.246427551855,0.32786953175074246,9313.5829815,8894.299910008118,83.2310075,79.48407653505537,898.510289,858.0607483143912,8497.699407,311.6878156,307.90000000000003,8.447884257252774,7.333184065176489,9.13933651354187,9.093278316227225,4.433563113552187,4.388059357840183,6.8018504919021545,6.755839639290935,9.047668419829863,5.745205298562326,5.733017599924536,3321.7409075,3921.5163005396953,2434.705849390681,17.066911,11.176448542823621,10.810398598168062,310.3,327.19,333.76,3.8997952468699637,167.7601943585095,-4.324091631076888,69.09913986036779,131.76740607419433,125.89184306666667,12890.289724649447,115.19431381892083
GBR,2022,67.5,3070,0.69,3323.402489117279,1315.5368650368516,0.3958403682204223,8470.925668,7489.837932621797,129.47684199999998,114.48106152921079,596.441669,527.3628422863001,9037.777227,168.6685873,324.58,8.109045234420403,7.182759980851069,9.044513113399503,8.921435943768149,4.871195755076883,4.7491065470733265,6.392656653935423,6.269783248991379,9.109279181737426,5.133847047857635,5.785608207180363,8894.299910008118,3321.7409075,3921.5163005396953,79.48407653505537,17.066911,11.176448542823621,307.90000000000003,310.3,327.19,-28.74644672732539,-15.790584886911452,6.355576893613235,49.235592431367095,110.96056196476736,133.89299595555556,10854.837583509852,165.91458192639246
GBR,2023,67.5,3070,0.69,3949.434834013448,1244.6465692873608,0.31514548830333294,4169.242878,3541.1882403229406,157.718644,133.95991160879555,333.75155000000007,283.4752252707582,9481.534070569853,118.8619458422794,292.53,8.281580936396674,7.127410006853153,8.335729557221423,8.17249996213755,5.067133100153294,4.904977783293778,5.813388614881697,5.650646168125203,9.157206866551046,4.7863406291906,5.681979848695356,7489.837932621797,8894.299910008118,3321.7409075,114.48106152921079,79.48407653505537,17.066911,324.58,307.90000000000003,310.3,18.83709081118392,-52.720095252002906,4.910021927118824,58.51014568908812,52.46204800478431,140.46717141584966,5132.156870033247,194.14479943303704
GBR,2024,67.5,3070,0.69,2805.877605144799,707.6305986825467,0.2521958183012153,5370.017098,4418.952066653101,285.823849,235.20258226136724,380.9205775,313.4570602766296,9752.432311780585,75.46256911195016,284.15999999999997,7.939827971971538,6.563334373382418,8.588772573292685,8.39388413036432,5.658868260777303,5.4646898362241085,5.945212674686151,5.75084753351732,9.18537453402067,4.3368013284355325,5.653050426249427,3541.1882403229406,7489.837932621797,8894.299910008118,133.95991160879555,114.48106152921079,79.48407653505537,292.53,324.58,307.90000000000003,-28.95495879613126,24.787268192501166,2.8571140407709583,41.56855711325628,65.4659565430089,144.4804786930457,6404.278357468263,340.87330762516996
GBR,2025,67.5,3070,0.69,1215.409211364199,98.2181947812438,0.08081080335980156,13823.334549,11144.794334209346,755.310217,608.9541562604361,2185.834269,1762.2863203028037,10043.982999927051,48.97974641162415,301.0373499606466,7.103658528418568,4.597321412605834,9.53418569134418,9.318817515977306,6.6284516319602105,6.413383800671762,7.690210237741299,7.474934574374826,9.21482858485607,3.911617851596899,5.7105506850940815,4418.952066653101,3541.1882403229406,7489.837932621797,235.20258226136724,133.95991160879555,114.48106152921079,284.15999999999997,292.53,324.58,-56.683455859384246,152.20446309684402,2.989517679546294,18.006062390580727,165.10806421050881,148.79974814706742,16151.875846680212,882.5422554499074
DEU,2016,83.2,4072,0.75,2516.796321540846,901.5100091003118,0.3581974438632304,312.9451555,337.4591926808333,14.0,15.096666666666668,2.0,2.1566666666666667,2024.56201,187.7235845,641.52,7.831139322349618,6.805179780561396,5.749218306639979,5.824403531705078,2.70805020110221,2.778612211217341,1.0986122886681098,1.1495166185298773,7.613602476837173,5.240283428666391,6.465397944689565,,,,,,,,,,,,,30.24995578775055,4.055999912029247,24.33367800480769,449.9455902411111,20.12888888888889
DEU,2017,83.2,4072,0.75,2694.5510001453167,985.9372449291152,0.36590038372847417,628.716472,663.8589267792737,28.0,29.565075479396164,4.831276,5.101322842921257,3875.256742,376.3454493,644.46,7.899357915189571,6.894606455779982,6.445269673640738,6.499574877969399,3.367295829986474,3.419858032949132,1.7632358443388394,1.8085056071639323,8.262625209723046,5.933161079031818,6.469963240899554,337.4591926808333,,,15.096666666666668,,,641.52,,,7.062735950585197,96.72272712604604,91.41210409257852,32.38643029020813,7.979073639173962,46.57760507211538,885.1452357056983,39.420100639194885
DEU,2018,83.2,4072,0.75,3479.834106976787,1121.4366776088636,0.32226728146622663,976.571362,1006.5179947654323,36.298235,37.411323050577465,16.005090000000003,16.495887264038238,5009.944623,416.4778386,632.28,8.155027229961311,7.023257206095454,6.885071293798395,6.915245154470698,3.6189460064953365,3.6483522872365284,2.833512711006165,2.861965839825943,8.519379723811054,6.034231461684449,6.450912662414201,663.8589267792737,337.4591926808333,,29.565075479396164,15.096666666666668,,644.46,641.52,,29.143375159316708,51.61624769415645,29.280327899368896,41.82492917039407,12.097572052469138,60.21568056490385,1342.0239930205764,49.88176406743662
DEU,2019,83.2,4072,0.75,4247.84271592661,1260.5655748244435,0.29675429603317316,2172.0122045,2198.344773267892,6.820665,6.903355893625342,22.464877,22.73723178568635,5920.869102,430.1364309,600.0899999999999,8.35440192270259,7.140108748358687,7.683869596669558,7.695914764653369,2.0567695893048343,2.0672874659338536,3.1555047073830793,3.1670447768933716,8.686407404736057,6.066424585025547,6.3987446737397065,1006.5179947654323,663.8589267792737,337.4591926808333,37.411323050577465,29.565075479396164,15.096666666666668,632.28,644.46,641.52,22.070264999415578,118.41087637784491,18.182326303928864,51.05580187411791,26.422413140239083,71.16429209134614,2931.1263643571892,9.20447452483379
DEU,2020,83.2,4072,0.75,4698.877475436537,1355.7732163766038,0.2885312978395227,1956.3006745,1956.3006745,87.564941,87.564941,42.766113,42.766113,8000.778329,411.2955738,566.75,8.45529171830229,7.212864524554327,7.579321596115786,7.579321596115786,4.483736079526954,4.483736079526954,3.7788598421417356,3.7788598421417356,8.987419087083962,6.021740504268376,6.341681180985668,2198.344773267892,1006.5179947654323,663.8589267792737,6.903355893625342,37.411323050577465,29.565075479396164,600.0899999999999,632.28,644.46,10.617972219612648,-11.010288363826003,35.12844467879608,56.47689273361222,23.513229260817308,96.16320106971153,2608.400899333333,116.75325466666668
DEU,2021,83.2,4072,0.75,4989.444832310871,1312.223681612216,0.26299993801203275,6257.891012,5976.170457216236,221.309116,211.34612258597787,186.573577,178.17432371808118,7220.405026,279.2440838,578.83,8.515280329524085,7.180240218980078,8.741758293767822,8.695702567275928,5.404068827776683,5.358217597049261,5.2341711791042025,5.188359207451658,8.884804814893428,5.635660951292331,6.362734957128978,1956.3006745,2198.344773267892,1006.5179947654323,87.564941,6.903355893625342,37.411323050577465,566.75,600.0899999999999,632.28,6.183761087478445,205.48322837662224,-9.753717337367307,59.969288849890276,71.8289718415413,86.78371425480769,7968.227276288315,281.79483011463714
DEU,2022,83.2,4072,0.75,4019.8047073838384,1258.0405002470648,0.31296060177655255,4766.069039,4214.071292426375,96.8820555,85.66134596310216,74.959475,66.27780023915273,7174.051602,157.517794,566.88,8.29923733754666,7.138105202110798,8.469486937793471,8.346421784273076,4.583763238558301,4.46200794772937,4.330199974387815,4.20883031951711,8.878365232518336,5.065866852000321,6.341910128795373,5976.170457216236,1956.3006745,2198.344773267892,211.34612258597787,87.564941,6.903355893625342,578.83,566.75,600.0899999999999,-19.43382796113494,-29.48542343972339,-0.641978169272861,48.314960425286515,50.64989534166316,86.22658175480768,5618.761723235167,114.21512795080288
DEU,2023,83.2,4072,0.75,4529.468268164948,1169.914724207383,0.2582896390797231,3285.671525,2790.7180527404007,23.243449,19.742056452904496,73.9215895,62.78604319855595,6712.966978823529,104.28883590220586,503.68999999999994,8.418580583590561,7.065540537895079,8.097630637122204,7.934412474807537,3.1881464365580428,3.0321633518350612,4.316442093314527,4.155534407776258,8.811945259271038,4.656707391697813,6.223944379399178,4214.071292426375,5976.170457216236,1956.3006745,85.66134596310216,211.34612258597787,87.564941,566.88,578.83,566.75,12.678813969368385,-33.77620217873526,-6.427116067131832,54.44072437698255,33.5422842877452,80.68469926470587,3720.9574036538675,26.322741937205993
DEU,2024,83.2,4072,0.75,2784.681986483921,597.9396497629938,0.21472457273944676,4046.372384,3329.733459393323,16.994462,13.98463200508744,75.032855,61.74404729411765,6339.052589202297,72.54737515400754,492.96,7.932248000833791,6.395160841391904,8.305823155468557,8.110947816797314,2.890064043890399,2.7070251429153624,4.331165549502049,4.139063709673272,8.75464234222373,4.297929758497736,6.202454542249622,2790.7180527404007,4214.071292426375,5976.170457216236,19.742056452904496,85.66134596310216,211.34612258597787,503.68999999999994,566.88,578.83,-38.52077503101492,19.314577698869485,-5.570031713261336,33.4697354144702,40.020834848477435,76.19053592791222,4439.64461252443,18.646176006783254
DEU,2025,83.2,4072,0.75,1287.6655624602286,60.47385357710577,0.046963944163858615,3946.601733,3181.8708052971965,47.366567,38.18837239750779,369.085835,297.5682682180685,5905.06998102642,53.84088401835922,516.7372762074319,7.161362514240174,4.118611939324966,8.280863517298668,8.065538837484791,3.8788088105720804,3.668380080282702,5.913734965220052,5.698998610931962,8.683735911374612,4.004435974519681,6.249467924807002,3329.733459393323,2790.7180527404007,4214.071292426375,13.98463200508744,19.742056452904496,85.66134596310216,492.96,503.68999999999994,566.88,-53.75897252504227,-4.440675384361448,-6.846174598947274,15.476749548800823,38.24363948674515,70.97439881041369,4242.494407062929,50.91782986334372
FRA,2016,67.6,2782,0.73,2043.7950841324669,471.9266457154992,0.23090702653090034,239.8787755,258.66927958083335,1.029643,1.1102983683333334,23.645301,25.497516245,1171.403229,92.44745565,558.84,7.623052860098003,6.1589402934113995,5.484293800716519,5.559408819722615,0.7078599155191836,0.746829344284026,3.2045862535134737,3.2770510019957904,7.066810963012405,4.537399306671631,6.327651028619378,,,,,,,,,,,,,30.23365509071697,3.8264686328525648,17.328450133136098,354.3414788778539,1.5209566689497718
FRA,2017,67.6,2782,0.73,1976.5985118837452,476.1160279373199,0.2408764476320333,477.3129455,503.99261646430034,6.69774,7.07211388004896,20.086209999999998,21.2089398123215,2193.421057,170.172452,555.74,7.589638514777119,6.16775970646065,6.170265215969157,6.224543808305702,2.040926779284671,2.088415390985606,3.04861927231981,3.1004949020673815,7.693673535366636,5.1426715395450895,6.322098344593143,258.66927958083335,,,1.1102983683333334,,,558.84,,,-3.287833147775898,94.84053818876632,87.2473118306557,29.23962295686014,7.455512077874266,32.44705705621302,690.4008444716443,9.68782723294378
FRA,2018,67.6,2782,0.73,2306.689988383881,496.02630259719285,0.21503813043586323,781.7167465,805.6881481250499,19.033162,19.61681531501394,37.956462,39.12039970370371,3039.797333,226.9971616,576.2399999999999,7.744002298148599,6.208642947427041,6.662770876391283,6.6929371600351395,2.9973890004238344,3.026107020250164,3.662444663562462,3.6918849257485866,8.01987504060283,5.429333179754143,6.358258124567877,503.99261646430034,258.66927958083335,,7.07211388004896,1.1102983683333334,,555.74,558.84,,16.699975969603997,59.86110149336281,38.587040700594486,34.1226329642586,11.918463729660502,44.967416168639055,1103.6823946918491,26.87234974659444
FRA,2019,67.6,2782,0.73,2645.9589242916145,586.5798168245634,0.22168893531920744,996.2286305,1008.306490314431,12.981216,13.138594840829096,28.3785085,28.72255768400469,3719.170145,223.3880644,565.52,7.881166684272023,6.376012095215183,6.904980062127747,6.91701873073482,2.6377147144250044,2.6489082807658657,3.3802634036300097,3.391906275500793,8.221524684124471,5.413376983285652,6.339512384346196,805.6881481250499,503.99261646430034,258.66927958083335,19.61681531501394,7.07211388004896,1.1102983683333334,576.2399999999999,555.74,558.84,14.708042156346846,25.148482407356077,22.349279822859835,39.14140420549726,14.915776483941288,55.01730983727811,1381.241767554015,17.99807512442342
FRA,2020,67.6,2782,0.73,2681.3841853162285,629.3688702211653,0.23471790192084718,1316.3309335,1316.3309335,31.391967,31.391967,20.44107,20.44107,5025.339387,183.3563865,527.2500000000001,7.894461299412982,6.446305156330044,7.183362948462159,7.183362948462159,3.4779104599592743,3.4779104599592743,3.0653082416737205,3.0653082416737205,8.522447242087171,5.216870767421557,6.2695696564961665,1008.306490314431,805.6881481250499,503.99261646430034,13.138594840829096,19.61681531501394,7.07211388004896,565.52,576.2399999999999,555.74,1.338843951785762,30.54869190512841,35.119910923031995,39.66544652834658,19.472351087278106,74.3393400443787,1803.193059589041,43.00269452054795
FRA,2021,67.6,2782,0.73,2799.939698441459,611.6626503102797,0.21845565125947242,3023.1367545000003,2887.0398231166055,125.846275,120.18087073800739,43.4100005,41.45574955498155,4888.390046,134.1736603,550.3100000000002,7.937710246446237,6.417814458693304,8.014380959325834,7.968333289085447,4.842975920221924,4.797284228983744,3.7934646805627366,3.748462346577103,8.49482283971954,4.906560324362658,6.312297264375443,1316.3309335,1008.306490314431,805.6881481250499,31.391967,13.138594840829096,19.61681531501394,527.2500000000001,565.52,576.2399999999999,4.421429565165003,119.3247723382325,-2.7251759623294736,41.41922630830561,42.70768969107405,72.31346221893493,3954.8490727624735,164.63132977809232
FRA,2022,67.6,2782,0.73,2728.086472341644,598.360527112335,0.21933341672954168,3271.2744455,2892.4011837902294,111.6265465,98.69815590775539,134.7001815,119.09944302084047,4951.470364,80.74289074,468.25000000000006,7.911722206663513,6.3958632987139845,8.093240571191712,7.970187969330068,4.724077447243772,4.60214718038505,4.910447904349141,4.788320091446878,8.507641794506341,4.403578842570749,6.151135675466619,2887.0398231166055,1316.3309335,1008.306490314431,120.18087073800739,31.391967,13.138594840829096,550.3100000000002,527.2500000000001,565.52,-2.566241913703027,0.18570442398111453,1.2904109002434438,40.356308762450354,42.7869997602105,73.24660301775148,3962.1934024523694,135.20295329829506
FRA,2023,67.6,2782,0.73,3025.534114572556,519.733269978977,0.1717823201780041,2285.972016,1941.613251528717,639.166771,542.8827053980965,676.477625,574.5730533311454,4823.618661047794,66.22469329705882,516.86,8.015173387223461,6.2552379528443565,7.734983957830735,7.571789382487595,6.461728722096228,6.298733608530641,6.5183765263782325,6.355366158995792,8.481486976670006,4.208040639809955,6.249704935459621,2892.4011837902294,2887.0398231166055,1316.3309335,98.69815590775539,120.18087073800739,31.391967,468.25000000000006,550.3100000000002,527.2500000000001,10.903160337714635,-32.871924461584925,-2.5820956918526594,44.756421813203495,28.72208951965558,71.3553056368017,2659.744180176325,743.6749389015021
FRA,2024,67.6,2782,0.73,2454.431860635365,273.9253351784066,0.11160437556718202,2512.4775455,2067.501395152305,746.356873,614.1722058263911,674.4375225,554.9902410906201,4700.814892996702,56.51353584780041,560.11,7.806057935403928,5.616499552359324,7.829422549533943,7.63457966037661,6.616542812683816,6.421902238084988,6.515360662375127,6.320750742101256,8.45570386060852,4.052020326148352,6.329916964733206,1941.613251528717,2892.4011837902294,2887.0398231166055,542.8827053980965,98.69815590775539,120.18087073800739,516.86,468.25000000000006,550.3100000000002,-18.87608046415552,6.483687908725955,-2.5458846704191296,36.308163618866345,30.58434016497493,69.53868184906365,2832.1936919894592,841.3317888032755
FRA,2025,67.6,2782,0.73,716.2420919342705,25.54530112321178,0.03566573566519191,3607.721148,2908.6549317831777,1913.11236,1542.4095911775703,2175.309992,1753.801326883489,4549.862366327722,49.780413660539736,1034.7781900775099,6.575413429264646,3.2788527498481734,8.191108735933062,7.975789772991119,7.557009274574092,7.341749268321656,7.685386057388257,7.470110925436911,8.423072025047292,3.927510722374502,6.942908297654485,2067.501395152305,1941.613251528717,2892.4011837902294,614.1722058263911,542.8827053980965,98.69815590775539,560.11,516.86,468.25000000000006,-70.8184161303683,40.68454505535692,-3.2111991240895144,10.595297217962584,43.02743981927778,67.30565630662312,3984.4588106618876,2112.8898509281785
CAN,2016,38.9,2139,0.84,1145.1861678906378,456.3650820447103,0.3985073299351027,762.557715,822.2914026750001,32.649321,35.206851145,10.36,11.171533333333333,2127.645563,121.6779808,667.1300000000001,7.044195334247436,6.12548193858873,6.637988714467062,6.713310211731941,3.51599287758106,3.5892483590738324,2.4300984132930052,2.499099891941663,7.663241170526781,4.809562880030064,6.504482765380868,,,,,,,,,,,,,29.439233107728477,21.138596469794347,54.69525868894602,978.9183365178573,41.91291802976191
CAN,2017,38.9,2139,0.84,1204.4604797671714,479.1688105757511,0.3978285868444409,936.97452,989.3472287882497,6.61602,6.985826095471237,96.231302,101.6102038253774,4330.486185,290.1341093,669.3499999999999,7.094616913813143,6.174137730773443,6.843722784458167,6.898055617784838,2.030253923536036,2.0776682322295246,4.577092696660634,4.630937380280657,8.373665991898813,5.673784017710689,6.50779996404757,822.2914026750001,,,35.206851145,,,667.1300000000001,,,5.1759542280984006,20.315891126892428,103.53419104702635,30.962994338487697,25.433090714350893,111.32355231362467,1177.7943199860117,8.316459637465758
CAN,2018,38.9,2139,0.84,1574.8148544279888,603.752946041542,0.38338027123883067,1491.8593855,1537.6073634703307,66.68896000000001,68.73398187176426,97.6420945,100.63629652170451,5654.005044,295.2309309,661.1999999999999,7.3625277853618964,6.4048200209814405,7.3084486105853195,7.338632976838373,4.214923094242344,4.244687743743717,4.591498092410055,4.621400720575445,8.640296280503845,5.691139322107572,6.495567625113146,989.3472287882497,822.2914026750001,,6.985826095471237,35.206851145,,669.3499999999999,667.1300000000001,,30.748570076156344,55.41635117870485,30.56282372137393,40.483672350333904,39.52718158021416,145.34717336760926,1830.4849565122986,81.82616889495745
CAN,2019,38.9,2139,0.84,2087.725228908922,779.521152023297,0.3733830205379503,2133.33303,2159.196668611654,70.644279,71.50074073210793,237.2268695,240.10290898161907,6834.042664,295.562921,655.6999999999999,7.644309220549717,6.659961840194674,7.665909478729802,7.677954546816558,4.271713304610357,4.2835967788030285,5.473223452826505,5.485223850571074,8.829817991128328,5.692259408402818,6.487227293196927,1537.6073634703307,989.3472287882497,822.2914026750001,68.73398187176426,6.985826095471237,35.206851145,661.1999999999999,669.3499999999999,667.1300000000001,32.569566704222794,40.42574976607916,20.870827153793382,53.66902902079491,55.506341095415266,175.6823306940874,2570.4722245376834,85.11992944298564
CAN,2020,38.9,2139,0.84,2386.1395153872145,797.4247898515492,0.33419034583237517,1884.753329,1884.753329,52.741481,52.741481,119.306172,119.306172,9439.298707,307.6551086,655.8900000000001,7.77785107263551,6.682640773928494,7.542082664077535,7.542082664077535,3.98418516142317,3.98418516142317,4.79003992673523,4.79003992673523,9.152742901329605,5.732224500136594,6.487516576765354,2159.196668611654,1537.6073634703307,989.3472287882497,71.50074073210793,68.73398187176426,6.985826095471237,655.6999999999999,661.1999999999999,669.3499999999999,14.293752949196703,-12.710437340018633,38.12174098244701,61.340347439260015,48.4512423907455,242.65549375321336,2243.753963095238,62.78747738095238
CAN,2021,38.9,2139,0.84,2581.61715987586,758.1875306951621,0.29368705107755805,5999.4766035,5729.389464892251,103.654699,98.98832509667896,430.6433415,411.2564456833949,7994.255662,185.4859994,652.4000000000001,7.856558566809226,6.632248822892085,8.699594178972152,8.65353877683915,4.650666349938409,4.605053430139182,6.067599648870443,6.0216455966926015,8.986603602492863,5.228356166024672,6.48218949916697,1884.753329,2159.196668611654,1537.6073634703307,52.741481,71.50074073210793,68.73398187176426,655.8900000000001,655.6999999999999,661.1999999999999,8.192213541081417,203.9861703245864,-15.308796658043933,66.36547968832545,147.28507621830983,205.50785763496143,6820.701743919347,117.84324416271305
CAN,2022,38.9,2139,0.84,1977.804650483661,680.7273714470033,0.3441833202690343,3715.266656,3284.970996148958,8.0,7.073454048513837,137.783297,121.82547749777932,7294.801032,70.94918289,664.0799999999999,7.590248229504249,6.524629829311254,8.2204748562397,8.097417472066768,2.1972245773362196,2.0885814016795483,4.932913702214718,4.810764465674098,8.895054260548978,4.2759600766323365,6.499907334172178,5729.389464892251,1884.753329,2159.196668611654,98.98832509667896,52.741481,71.50074073210793,652.4000000000001,655.8900000000001,655.6999999999999,-23.388925313048126,-42.66455411561489,-8.749465360793952,50.84330721037689,84.44655517092437,187.52701881748072,3910.6797573201884,8.42077862918314
CAN,2023,38.9,2139,0.84,2355.851332389549,611.9408681795084,0.2597536014969223,2317.441103,1968.3418360892683,87.18821999999999,74.05418882835575,217.17261800000003,184.45774052641946,7472.325284154411,58.77703117830882,641.39,7.765081826016637,6.418268468280924,7.748650300446528,7.5854546725547145,4.479473394002099,4.318210370357456,5.3852865751485925,5.222827042220218,8.919095330904081,4.090621493165375,6.465195595886235,3284.970996148958,5729.389464892251,1884.753329,7.073454048513837,98.98832509667896,52.741481,664.0799999999999,652.4000000000001,655.8900000000001,19.114460157298097,-40.080389190747866,2.4335722300809604,60.561730909757046,50.600047200238265,192.09062427132162,2343.2640905824624,88.15974860518541
CAN,2024,38.9,2139,0.84,1417.1916141090828,366.8733855947143,0.25887352277719283,3379.034562,2780.5855155662957,142.519797,117.27861196693165,85.655035,70.48496997774245,6947.132605179653,40.045031320456836,636.79,7.257137827800012,5.907738818082477,8.125641213868573,7.930776373449111,4.966472983872474,4.773042959769423,4.461935121801782,4.269487217501218,8.846228212553031,3.714669788875997,6.458009075556836,1968.3418360892683,3284.970996148958,5729.389464892251,74.05418882835575,7.073454048513837,98.98832509667896,641.39,664.0799999999999,652.4000000000001,-39.84375861817987,41.265377008437,-7.028503966341848,36.43166103108182,71.48034744386365,178.58952712544095,3310.220851864638,139.61739519872816
CAN,2025,38.9,2139,0.84,737.8752949762628,47.6441826586922,0.0645694238349922,3078.095409,2481.654491742056,206.05439,166.1273399750779,78.519877,63.305122017445484,6567.065258303397,28.940018028187556,671.592934775399,6.605129158367953,3.8845322261214106,8.032391134453182,7.817083626306061,5.33298151237487,5.118756036670853,4.376007015566438,4.163639286196158,8.789974586878184,3.3991959811351737,6.511140294902796,2780.5855155662957,1968.3418360892683,3284.970996148958,117.27861196693165,74.05418882835575,7.073454048513837,636.79,641.39,664.0799999999999,-47.933978184020795,-10.750650255162508,-5.470852054743924,18.968516580366654,63.79574528899887,168.8191583111413,2954.3505854072096,197.7706428274737
JPN,2016,125.1,4231,0.98,2748.3345425414545,455.3874248070021,0.1656957760265582,332.398028,358.4358735266667,4.344574,4.6848989633333336,4.169657,4.4962801316666665,1380.933606,93.99084642,1063.7,7.919114176847256,6.123342064600008,5.809337055482165,5.8845357844118595,1.676081840645925,1.7378133545438337,1.642806342025454,1.704071523720583,7.231238961205401,4.553780533484562,6.97044834832056,,,,,,,,,,,,,21.96910105948405,2.8651948323474556,11.03863793764988,365.7508913537415,4.780509146258503
JPN,2017,125.1,4231,0.98,2776.3020536298377,564.6022302117021,0.2033648426234893,689.3025765,727.8315250844553,145.176375,153.2910887392901,145.35069099999998,153.47514822847816,2590.181311,195.4636701,1076.8600000000001,7.929235251154073,6.337891057664586,6.5371300181376375,6.591442601163433,4.984813940550758,5.038841004877573,4.986005734684658,5.0400332305094775,7.859869155342687,5.280477529228702,6.982732872905217,358.4358735266667,,,4.6848989633333336,,,1063.7,,,1.0176166931453956,103.05766772820148,87.5674036569141,22.192662299199345,5.817997802433696,20.70488657873701,742.6852296780156,156.41947830539806
JPN,2018,125.1,4231,0.98,3339.41827014609,648.9956863909487,0.1943439347484186,1347.189929,1388.5016074281164,38.556412,39.738747214655525,43.4640425,44.79687056551175,3235.306307,199.6558448,1082.93,8.113851308712713,6.4769657265460445,7.206518178431492,7.236700406021124,3.67772780496681,3.7071796595810134,3.7946808288291263,3.8242157605217217,8.08218792975564,5.3015912256183535,6.988348604268738,727.8315250844553,358.4358735266667,,153.2910887392901,4.6848989633333336,,1076.8600000000001,1063.7,,20.282959333621985,90.77239162826851,24.90655743905952,26.693990968394004,11.099133552582865,25.86176104716227,1416.8383749266493,40.54974205577094
JPN,2019,125.1,4231,0.98,3621.326152875016,763.5561917832079,0.2108498819353819,1474.3282045,1492.2023438584279,46.810767,47.3782811873289,132.861283,134.4720377019945,3299.637145,179.6072646,1047.4,8.194871682118464,6.639295524019507,7.296635755547326,7.308678316727402,3.8672508651782276,3.879050977211558,4.896804062267233,4.908765255200893,8.101870803060564,5.196324864980091,6.955020471449251,1388.5016074281164,727.8315250844553,358.4358735266667,39.738747214655525,153.2910887392901,4.6848989633333336,1082.93,1076.8600000000001,1063.7,8.441826088368165,7.468535569245294,1.9884002284671576,28.947451261990537,11.928076289835555,26.375996362909675,1522.6554529167631,48.34518488502949
JPN,2020,125.1,4231,0.98,3842.0212385193854,765.8593275651618,0.19933760903942946,1358.436796,1358.436796,35.052746,35.052746,87.100637,87.100637,3825.545392,122.4149215,1011.03,8.254014117096382,6.642303378503497,7.214825772370251,7.214825772370251,3.5849830328133763,3.5849830328133763,4.478479763335971,4.478479763335971,8.249717688717183,4.815552023934177,6.919713493676803,1492.2023438584279,1388.5016074281164,727.8315250844553,47.3782811873289,39.738747214655525,153.2910887392901,1047.4,1082.93,1076.8600000000001,6.094316731707727,-8.964303561710452,15.938366065399578,30.711600627652963,10.858807322142287,30.5798992166267,1386.1599959183673,35.7681081632653
JPN,2021,125.1,4231,0.98,3748.8036102318815,754.8566979143001,0.20135936058480497,1942.238435,1854.8018707675278,88.11243999999999,84.14575450922509,137.171879,130.996613598524,3220.04711,79.97892698,1034.67,8.229458746988238,6.6278518051886754,7.572111156722492,7.526072156983841,4.489898943137306,4.444364546901811,4.928498410165514,4.882776267700651,8.077461775116822,4.394188960084022,6.942803839258541,1358.436796,1492.2023438584279,1388.5016074281164,35.052746,47.3782811873289,39.738747214655525,1011.03,1047.4,1082.93,-2.4262653041300597,36.539430927453175,-15.827763624664371,29.966455717281228,14.826553723161695,25.739785051958435,1892.6549701709469,85.86301480533172
JPN,2022,125.1,4231,0.98,3329.8695155205114,690.9917857488351,0.20751317207119516,2207.423608,1951.7636820990779,56.65567,50.09390979159549,136.252235,120.4717404099761,2721.367702,49.31008302,1040.57,8.110988664661624,6.539574085242065,7.700034240445126,7.577000921045852,4.054488594003707,3.9336653079463426,4.92182036441006,4.7996816465092325,7.909257259319671,3.9182055146708183,6.948484469196206,1854.8018707675278,1358.436796,1492.2023438584279,84.14575450922509,35.052746,47.3782811873289,1034.67,1011.03,1047.4,-11.175141145509537,5.2276101754968884,-15.486711559322497,26.617661994568437,15.601628154269209,21.753538784972022,1991.5955939786509,51.11623448121989
JPN,2023,125.1,4231,0.98,3701.10469044526,578.4221657645548,0.15628365424458393,1970.279676,1673.4767973377093,50.547306,42.93286115129636,46.357927,39.374570093862815,3133.7291946875,48.37646798639705,1006.73,8.216656772162345,6.3620313410145295,7.586438192571034,7.423256035666301,3.9424999491555663,3.782662585648224,3.857734218502902,3.698200133656109,8.050298068056039,3.8994739541493844,6.915455555608325,1951.7636820990779,1854.8018707675278,1358.436796,50.09390979159549,84.14575450922509,35.052746,1040.57,1034.67,1011.03,11.148640305406033,-14.258226408951181,15.152729724264935,29.58516938805164,13.377112688550834,25.049793722521983,1707.6293850384789,43.80904199111873
JPN,2024,125.1,4231,0.98,2942.5765620123184,368.8702870926687,0.12535622415221445,1753.9020985,1443.2746044254372,149.212129,122.78568834721781,184.2837205,151.64587238600953,3048.3999707932194,39.07120672182137,1016.39,7.987380638665913,5.91315236874712,7.470168350013478,7.275362470642581,5.012048488399967,4.818551750556788,5.221888274601847,5.028120679090509,8.022700119359929,3.690658039538278,6.924995803364539,1673.4767973377093,1951.7636820990779,1854.8018707675278,42.93286115129636,50.09390979159549,84.14575450922509,1006.73,1040.57,1034.67,-20.494641245657043,-13.755923791623204,-2.722929091605486,23.521795060050508,11.536967261594222,24.367705601864266,1472.7291881892218,125.29151872165083
JPN,2025,125.1,4231,0.98,1280.9560159709836,38.84166690210502,0.030322404842809892,1674.4816355,1350.018215786293,54.17108900000001,43.67438577320873,40.1183335,32.344625264174454,3110.05930461608,34.530010494515395,1344.6747643632289,7.1561423279770615,3.684913271753407,7.423855946508524,7.208613821056787,4.010439066078109,3.799400312169974,3.7164540926019036,3.506896597879704,8.042718559594785,3.5703777054034354,7.204650849776259,1443.2746044254372,1673.4767973377093,1951.7636820990779,122.78568834721781,42.93286115129636,50.09390979159549,1016.39,1006.73,1040.57,-56.46821793839799,-6.461444575633568,2.0226785990558938,10.239456562517855,10.791512516277322,24.86058596815412,1377.569607945197,44.565699768580345
KOR,2016,51.7,1665,0.78,918.959128977855,272.8519850596785,0.29691416784026925,192.0928965,207.1401733925,1.718965,1.8536172583333335,16.00172,17.255188066666665,653.2904977,44.9767773,560.98,6.824329244032195,5.612587759915083,5.263171402118776,5.338211763266443,1.0002512931879326,1.0485874029603388,2.8333145154088104,2.9044493172548433,6.483551438921389,3.8281364277094707,6.33146626207184,,,,,,,,,,,,,17.774838084678045,4.006579756141199,12.636179839458412,265.5643248621795,2.3764323824786326
KOR,2017,51.7,1665,0.78,1090.3073616877198,357.55396961917484,0.32793869158666067,726.610554,767.2248526119951,4.557892,4.812657893104855,37.086115,39.1590639004488,1696.803339,162.9079301,576.4100000000001,6.995131670892791,5.882079191580015,6.589765951761417,6.644082467135433,1.7152188996813569,1.7600379349496653,3.639849780014291,3.692848165860036,7.4370905409646735,5.099304868349919,6.358552586095143,207.1401733925,,,1.8536172583333335,,,560.98,,,18.645903534409957,270.3892103818111,159.73182603663028,21.089117247344674,14.839939122088879,32.82018063829787,983.6216059128142,6.1700742219293
KOR,2018,51.7,1665,0.78,1507.7908450044688,501.0852884061635,0.332330767272087,1112.881818,1147.0084209414579,43.5961715,44.93305131103146,62.437731,64.35238862126644,2243.354112,188.86255,592.9100000000001,7.319063844127797,6.218770002484264,7.015606326888228,7.045783912167467,3.7976480145343103,3.827184930074707,4.150058810608787,4.179793990607553,7.7161730581144266,5.246300389312578,6.386727792731549,767.2248526119951,207.1401733925,,4.812657893104855,1.8536172583333335,,576.4100000000001,560.98,,38.29043974081894,49.500947086959,32.21061394905706,29.16423297880984,22.185849534651023,43.39176232108317,1470.5236165916126,57.60647603978393
KOR,2019,51.7,1665,0.78,2012.5652591530768,756.156922864914,0.3757179646354018,1030.9651405,1043.464131253031,32.3840215,32.77663185060618,57.4094895,58.10549817207665,3302.571157,251.4919408,586.8,7.607662190569904,6.629570527681097,6.939220166885727,6.951259239816285,3.508077387310132,3.5197691980190453,4.0674783680722335,4.079323951761299,8.102759331119904,5.531379330582274,6.376386753984817,1147.0084209414579,767.2248526119951,207.1401733925,44.93305131103146,4.812657893104855,1.8536172583333335,592.9100000000001,576.4100000000001,560.98,33.477747647891576,-9.027334742968874,47.21577566974855,38.92776129889897,20.183058631586672,63.87951947775628,1337.7745272474756,42.021322885392536
KOR,2020,51.7,1665,0.78,2513.824603858719,1027.9822248437802,0.4089315631909355,1186.855876,1186.855876,42.416215,42.416215,70.01216400000001,70.01216400000001,4124.612175,183.4748423,577.11,7.8299583400854775,6.936325461480553,7.079905176064832,7.079905176064832,3.770832988840237,3.770832988840237,4.262851186310707,4.262851186310707,8.324969693818298,5.217513098085683,6.359764161984142,1043.464131253031,1147.0084209414579,767.2248526119951,32.77663185060618,44.93305131103146,4.812657893104855,586.8,592.9100000000001,576.4100000000001,24.906488990900154,13.741894948969534,24.890940389206584,48.62329988121313,22.95659334622824,79.77973259187621,1521.6100974358974,54.37976282051282
KOR,2021,51.7,1665,0.78,2844.374629029986,1016.8280325362372,0.3574873795309463,4657.724409,4448.0408747202955,153.122825,146.22947273062732,471.0582515,449.85193907084874,4679.069158,160.7692832,607.76,7.953450017691051,6.92542625605904,8.446496957674007,8.400443818158825,5.037749849462793,4.991992408607761,6.157102392165565,6.111138990859033,8.451068166152936,5.086171142349527,6.411424101366599,1186.855876,1043.464131253031,1147.0084209414579,42.416215,32.77663185060618,44.93305131103146,577.11,586.8,592.9100000000001,13.149287530397814,274.77514874942534,13.442645259126706,55.016917389361424,86.03560686112756,90.50423903288201,5702.6165060516605,187.47368298798375
KOR,2022,51.7,1665,0.78,2589.622360253724,988.4422904672724,0.3816936035300636,4091.239307,3617.3991549422617,121.17951,107.14471195080287,840.2151700000001,742.9029244824053,4084.49924,102.208073,622.59,7.8596534193619725,6.897141441429019,8.316847607033084,8.193786984619019,4.805491356737233,4.683470255695579,6.734847477427232,6.611910548473888,8.315199212801001,4.636747076732096,6.435493101134583,4448.0408747202955,1186.855876,1043.464131253031,146.22947273062732,42.416215,32.77663185060618,607.76,577.11,586.8,-8.956354278238654,-18.674327488734388,-12.70701282504959,50.089407355004326,69.96903587896057,79.00385377176015,4637.69122428495,137.36501532154213
KOR,2023,51.7,1665,0.78,3029.7994800513125,944.8593065168476,0.31185539265484513,2386.220883,2026.7606318359042,163.63228099999998,138.98271848638004,481.943628,409.3436525316705,3613.1636645772055,55.29154417959558,617.49,8.016581718502271,6.852093833379064,7.777885157876675,7.614687326105691,5.103714386875858,4.941518975607037,6.179899934625851,6.016994985530765,8.19261575639607,4.03054433167376,6.42728102355309,3617.3991549422617,4448.0408747202955,1186.855876,107.14471195080287,146.22947273062732,42.416215,622.59,607.76,577.11,16.99773397672011,-43.97188297379768,-11.539617165476434,58.603471567723645,39.20233330436952,69.88711150052622,2598.4110664562872,178.18297241843595
KOR,2024,51.7,1665,0.78,2378.5991199693967,596.175403258098,0.2506413957076417,2735.898693,2251.3532011077905,298.3609845,245.51930934372018,799.7703549999999,658.1258119999999,3207.965669365917,40.51707155359778,625.38,7.77468731549077,6.392210878042051,7.914580694471834,7.719730815819465,5.7016501512028945,5.507440324466397,6.685574208085013,6.490914429786154,8.073703942818264,3.726104705387494,6.439957215686664,2026.7606318359042,3617.3991549422617,4448.0408747202955,138.98271848638004,107.14471195080287,146.22947273062732,617.49,622.59,607.76,-21.493183439020424,11.081356413975897,-11.214493248223857,46.00771992203862,43.54648358042148,62.04962609992103,2886.3502578305006,314.76834531246175
KOR,2025,51.7,1665,0.78,1355.0959018318777,93.37021977913356,0.06890303457704479,2055.6845785,1657.3556664043615,416.9060995,336.12242539127726,517.559998,417.27267128473517,2798.524109347942,28.16019355728632,710.2133531795135,7.212365190064319,4.547225554939437,7.628850537350612,7.413581828012411,6.035256764944387,5.8204461444749365,6.2510557355364025,6.036133543501859,7.937204720771133,3.3728045448854482,6.566972459585182,2251.3532011077905,2026.7606318359042,3617.3991549422617,245.51930934372018,138.98271848638004,107.14471195080287,625.38,617.49,622.59,-43.029664374494835,-26.38402248084172,-12.763277485413516,26.210752453227805,32.05716956294703,54.13006014212654,2124.8149569286684,430.9261863990734
ARE,2016,9.4,507,0.43,76.98181853443384,38.533333510160446,0.500551094320077,18.0,19.41,,,,,81.52124208,4.662811563,129.60999999999999,4.356475703806177,3.6771442023683765,2.9444389791664403,3.0160249768217535,,,,,4.413055739955987,1.733920511458844,4.8722157835894295,,,,,,,,,,,,,8.189555163237642,2.0648936170212764,8.672472561702127,45.139534883720934,
ARE,2017,9.4,507,0.43,103.15119093358516,42.30476214488348,0.4101238363027897,61.616775,65.06087870257038,,,,,199.1280344,15.59396799,134.57,4.6458436024335885,3.7682626092124103,4.137033213454178,4.1905767214571386,,,,,5.298957333725352,2.8090392552297474,4.909488112091298,19.41,,,,,,129.60999999999999,,,33.99422473690434,235.19257445940428,144.2652115194563,10.973530950381399,6.921370074741529,21.18383344680851,151.30436907574506,
ARE,2018,9.4,507,0.43,114.56305975638556,34.80909117532499,0.3038421917967741,19.460873,20.057642104340903,,,,,309.6617022,18.0559545,136.01,4.749816352890166,3.578201804613308,3.0185144282349015,3.047263539580238,,,,,5.738704545846881,2.9473796249106816,4.920053915865017,65.06087870257038,19.41,,,,,134.57,129.60999999999999,,11.063244854000809,-69.17096340485102,55.50884290755596,12.187559548551654,2.1337917132277555,32.94273427659574,46.645679312420704,
ARE,2019,9.4,507,0.43,161.2341279859344,53.68730212996403,0.3329772846518422,74.14,75.0388423934298,,,,,436.0768359,10.23256802,138.45,5.08904052636724,4.001631545916344,4.319353040145823,4.331244293851399,,,,,6.0801090054981595,2.4188174175859527,4.937706114073498,20.057642104340903,65.06087870257038,19.41,,,,136.01,134.57,129.60999999999999,40.73832204621044,274.1159703771451,40.82362552484866,17.1525668070143,7.982855573769128,46.39115275531915,174.50893579867397,
ARE,2020,9.4,507,0.43,279.7873030895279,121.16944536509968,0.4330769982307854,73.37,73.37,,,,,586.5167986,12.47065885,137.31,5.637597454211705,4.805408977543992,4.309052634715209,4.309052634715209,,,,,6.375904838971234,2.6005139016240215,4.929497542636617,75.0388423934298,20.057642104340903,65.06087870257038,,,,138.45,136.01,134.57,73.5285864007251,-2.2239713996119903,34.49849896051313,29.7646067116519,7.80531914893617,62.395404106382976,170.62790697674419,
ARE,2021,9.4,507,0.43,267.73376896878085,122.23928726563852,0.45657030017715944,169.635731,161.99899329446495,,,,,638.0949602,15.12640579,149.05,5.5937211830832805,4.814127890407934,5.139531056269278,5.093744024680113,,,,,6.460053050848269,2.780458039657007,5.010968571886377,73.37,75.0388423934298,20.057642104340903,,,,137.31,138.45,136.01,-4.3081061891111165,120.79731946908127,8.793978573693995,28.482315847742644,17.233935456857974,67.88244257446807,376.74184487084875,
ARE,2022,9.4,507,0.43,297.0526225402676,128.26174759517113,0.43178123289513914,494.668063,437.376476612231,1.1,0.9725999316706527,,,653.0063057,10.91979746,155.42,5.69727005662158,4.861839399743132,6.205906474869449,6.083078076831586,0.7419373447293773,0.6793524348985244,,,6.483116993153836,2.4782006698821064,5.052544697173465,161.99899329446495,73.37,75.0388423934298,,,,149.05,137.31,138.45,10.950749202991062,169.98715715301606,2.336853670702288,31.60134282343272,46.529412405556485,69.46875592553191,1017.1545967726303,2.2618603062108202
ARE,2023,9.4,507,0.43,499.8478486668379,173.48316364205547,0.3470719422015292,114.015,96.8397833935018,1.78,1.511860846734493,,,825.7055729816176,11.78365985641544,167.53,6.216302359684343,5.1618282535610405,4.745062554639982,4.58333127749157,1.0224509277025458,0.9210238516633267,,,6.717448613474105,2.548167781693683,5.127113775487929,437.376476612231,161.99899329446495,73.37,0.9725999316706527,,,155.42,149.05,137.31,68.26912497602339,-77.85894107895565,26.44679933013665,53.175303049663604,10.302104616329979,87.84101840229974,225.20879858953907,3.5159554575220766
ARE,2024,9.4,507,0.43,346.2096245159784,94.8295767803356,0.27390797385518373,346.843047,285.41488255516697,3.4000000000000004,2.797837837837838,2.0,1.6457869634340223,929.5471833362334,27.712235886687232,177.26,5.8499287027821145,4.562571371987112,5.851751363669087,5.657441397965331,1.4816045409242156,1.3344319147534018,1.0986122886681098,0.972968549765889,6.835772782304765,3.3573233694247944,5.183243158702571,96.8397833935018,437.376476612231,161.99899329446495,1.511860846734493,0.9725999316706527,,167.53,155.42,149.05,-30.73699818067307,194.72895596575555,12.576106272317421,36.83081111872111,30.36328537820925,98.88799822725886,663.7555408259697,6.506599622878693
ARE,2025,9.4,507,0.43,171.2089177539779,15.695635110139849,0.09167533628530967,732.884756,590.8740649619938,16.0,12.89968847352025,13.266449,10.695816203115266,1068.5127684184545,28.592345869265497,189.23510064870013,5.148708377841906,2.8151473146091393,6.598352008113055,6.383293884149433,2.833213344056216,2.6318664279085335,2.6579105567939063,2.4592311883760196,6.974958467131376,3.3875157423932327,5.2482606790821436,285.41488255516697,96.8397833935018,437.376476612231,2.797837837837838,1.511860846734493,0.9725999316706527,177.26,167.53,155.42,-50.54761461546943,107.02286428521663,14.949815089908647,18.213714654678498,62.85894308106317,113.67157110834621,1374.125732469753,29.999275519814535
IND,2016,1428.6,3385,0.145,4589.274680775332,1168.0401537910104,0.2545151979427121,405.113905,436.84782755833334,0.877559,0.9463011216666667,2.754017,2.969748331666667,3570.077522,131.6596596,1394.9299999999998,8.431695144570224,7.063938309719638,6.006633674440958,6.0818714243442615,0.6299725289293825,0.6659307105734075,1.3228264666569938,1.37870270016242,8.180622656123868,4.88778689813603,7.241316138798626,,,,,,,,,,,,,3.212428027982173,0.3057873635435625,2.4990042853142937,3012.7436383333334,6.526214632183908
IND,2017,1428.6,3385,0.145,5296.284599915571,1279.7044374629854,0.24162304976650717,500.5541965,528.5329500375357,2.331795,2.462131970624235,3.967227,4.188977346389229,10406.60472,445.4942039,1462.39,8.574949628610844,7.155165547299128,6.217711670356598,6.271995391693701,1.2035111978020359,1.2418845757918437,1.6028617367116886,1.6465366346773311,9.250292040993047,6.101426419045287,7.2885109410249145,436.84782755833334,,,0.9463011216666667,,,1394.9299999999998,,,15.405700645941579,20.987885642388694,191.49520299968432,3.707325073439431,0.36996566571296075,7.284477614447711,3645.0548278450738,16.98022048706369
IND,2018,1428.6,3385,0.145,6762.699209061265,1663.878354590138,0.2460376105979586,1194.401323,1231.0277275682997,3.731733,3.846166867383513,8.153231,8.403250429311033,21709.21417,788.4528414,1571.6499999999999,8.819325239641929,7.417507339439287,7.086237243132055,7.116416649983306,1.5542915201793412,1.5781880558467936,2.214106931711186,2.2410554198564907,9.985538127862831,6.671340099676064,7.36051737353246,528.5329500375357,436.84782755833334,,2.462131970624235,0.9463011216666667,,1462.39,1394.9299999999998,,27.687609709815654,132.91409314800032,108.60996217409897,4.733794770447477,0.8617021752543048,15.196145996080078,8489.846397022757,26.525288740575956
IND,2019,1428.6,3385,0.145,6719.58440539617,1686.303842983643,0.25095359195569517,1530.792518,1549.3512071114587,5.23909,5.302606538912788,11.834471999999998,11.977948195541648,30875.83634,849.2272628,1611.1799999999998,8.812930394824667,7.430887174795275,7.334193909013897,7.346236769479934,1.8308343384132886,1.8409632841675727,2.5521346759623245,2.5632516244774677,10.337761548760806,6.745503681747908,7.385342579363795,1231.0277275682997,528.5329500375357,436.84782755833334,3.846166867383513,2.462131970624235,0.9463011216666667,1571.6499999999999,1462.39,1394.9299999999998,-0.6375383901050302,25.858351718198634,42.224569246119344,4.70361501147709,1.0845241544949313,21.612653184936303,10685.180738699717,36.56970026836406
IND,2020,1428.6,3385,0.145,9171.135979408944,2514.085740762949,0.2741302436696588,2221.6302325,2221.6302325,13.969883,13.969883,22.8258755,22.8258755,57303.05117,1159.374894,1570.97,9.123925469359497,7.830062173707381,7.706446562971642,7.706446562971642,2.706040382769732,2.706040382769732,3.170772195979483,3.170772195979483,10.95612660125075,7.056498416370314,7.360084888837585,1549.3512071114587,1231.0277275682997,528.5329500375357,5.302606538912788,3.846166867383513,2.462131970624235,1611.1799999999998,1571.6499999999999,1462.39,36.48367854482268,43.39100278250716,85.59189956504348,6.419666792250416,1.5551100605487893,40.11133359232816,15321.58781034483,96.34402068965518
IND,2021,1428.6,3385,0.145,11488.627792595003,2942.61953752016,0.25613324677615773,5752.975737,5493.985685371218,44.104305,42.11879754243542,122.734384,117.2090722479705,56231.87037,689.2411637,1683.32,9.349199976288078,7.987395238318147,8.657646327383798,8.611591261806343,3.8089776964985917,3.7639590399047553,4.818137203587194,4.7724548553935335,10.937256746933423,6.5370410491346975,7.429117200503015,2221.6302325,1549.3512071114587,1231.0277275682997,13.969883,5.302606538912788,3.846166867383513,1570.97,1611.1799999999998,1571.6499999999999,25.26940848319441,147.29523414834148,-1.8693259401181717,8.041878617244159,3.845713065498543,39.36152202855943,37889.55645083599,290.47446580989947
IND,2022,1428.6,3385,0.145,13116.36248699556,3217.0367950355844,0.24526897592416877,5592.901159,4945.141168258286,70.078609,61.96222756815853,72.7054165,64.28480283635122,52338.2476,378.1205178,1806.14,9.481692012334243,8.07652676161859,8.629432204496045,8.506362989578271,4.2637864335958096,4.142534984171934,4.300076290388913,4.178759280810274,10.865501800741988,5.9378541434528715,7.499500764071435,5493.985685371218,2221.6302325,1549.3512071114587,42.11879754243542,13.969883,5.302606538912788,1683.32,1570.97,1611.1799999999998,14.168225516451272,-9.989915310015007,-6.924227745547773,9.181270115494582,3.4615295871890566,36.63604059918802,34104.421850057144,427.3257073666106
IND,2023,1428.6,3385,0.145,14887.816861228752,3261.599548218659,0.2190784302776187,2073.27828,1760.959694335412,79.407968,67.44595378536265,74.13859699999999,62.970360694453554,70919.34621691176,274.5739687132353,1918.97,9.608365663906461,8.090279564029398,7.637368555295013,7.474181931282963,4.387113275752008,4.2260444380130275,4.319334368158886,4.158419861940031,11.169312641971374,5.618856081533514,7.560064839899756,4945.141168258286,5493.985685371218,2221.6302325,61.96222756815853,42.11879754243542,13.969883,1806.14,1683.32,1570.97,13.505683271482694,-64.39010263976681,35.501950235169424,10.421263377592576,1.2326471330921267,49.64254950084821,12144.549616106291,465.14450886457
IND,2024,1428.6,3385,0.145,11925.11182845663,1769.2957583241518,0.14836722571457323,2094.4277325,1723.4909290015896,69.389439,57.100117053100156,101.755498,83.73393603306836,80696.98973152784,169.25158107200892,2030.2,9.386485546501124,7.478901906707435,7.6475129797744925,7.452687172288599,4.254043237706195,4.062167678539144,4.632352360460629,4.439516182962046,11.298468943557781,5.137277231753072,7.616382030390469,1760.959694335412,4945.141168258286,5493.985685371218,67.44595378536265,61.96222756815853,42.11879754243542,1918.97,1806.14,1683.32,-19.90019799671017,-2.127746901553196,13.786990484529404,8.347411331693007,1.2064195219106746,56.486763076807954,11886.144337941998,393.7939107110356
IND,2025,1428.6,3385,0.145,4790.26604700273,132.73868792504072,0.027710086793215863,2508.2482875,2022.226345186916,43.833501,35.33990672523365,128.2171095,103.3725480953271,95435.97299068705,107.34191782127778,2142.2160211360256,8.474549965920094,4.8958878059379645,7.8277385002188336,7.612448716814528,3.8029556501437427,3.5929164962402855,4.861494009051478,4.647966691592839,11.466221339909719,4.685292131949371,7.670062793536551,1723.4909290015896,1760.959694335412,4945.141168258286,57.100117053100156,67.44595378536265,61.96222756815853,2030.2,1918.97,1806.14,-59.83043080927908,17.333158600282417,18.26460108139669,3.353119170518501,1.4155301310282207,66.80384501658061,13946.388587495972,243.7234946567838
