country_code,year,country_cn,education_expenditure_pct_gdp,pop_15_64_pct,population_total,rd_expenditure_pct_gdp,researchers_per_million,researchers_per_million_fte,stem_graduates_pct,technicians_per_million,tertiary_completion_25_34_pct,tertiary_enrollment_total,tertiary_gross_enrollment_pct,tertiary_spend_per_student_pct_gdp_pc,population_total_log,tertiary_enrollment_total_log,researchers_per_million_YoY_Growth,tertiary_gross_enrollment_pct_YoY_Growth,rd_expenditure_pct_gdp_YoY_Growth,education_expenditure_pct_gdp_YoY_Growth,researchers_per_million_MA3,tertiary_gross_enrollment_pct_MA3,researchers_per_million_lag1,researchers_per_million_lag2,researchers_per_million_lag3,tertiary_gross_enrollment_pct_lag1,tertiary_gross_enrollment_pct_lag2,tertiary_gross_enrollment_pct_lag3,education_expenditure_pct_gdp_lag1,education_expenditure_pct_gdp_lag2,education_expenditure_pct_gdp_lag3,stem_graduates_pct_lag1,stem_graduates_pct_lag2,stem_graduates_pct_lag3,AI_Talent_Index,researcher_growth_efficiency,researcher_density_adjusted
ARE,2016,阿联酋,,81.7037621944191,8935095.0,0.9318,2509.55341,,,,,159553.0,,,16.005497450782077,11.980137701902942,,,,,,,,,,,,,,,,,,,0.13778400242960306,,2050.3995502483353
ARE,2017,阿联酋,,81.7573549214794,9223225.0,1.2241623529411763,2506.1933135294116,,,,,191794.0,,,16.037235425875135,12.164182372269988,-0.13389220796015122,,31.37608423923335,,2507.873361764706,,2509.55341,,,,,,,,,,,,0.16627586828200414,,2048.997362360626
ARE,2018,阿联酋,,81.7897488678028,9346701.0,1.26389,2464.56964,,,889.5377,,,53.2113281680102,,16.050534111769245,,-1.6608325185735073,,3.2452923391553368,,2493.438787843137,,2506.1933135294116,2509.55341,,,,,,,,,,,0.2194528873124663,,2015.7653192281118
ARE,2019,阿联酋,3.86020994186401,81.8226037478217,9445785.0,1.305325,2476.63113,,,,,,53.8814655213653,,16.061079274089465,,0.48939538182415365,1.2593885107306413,3.2783707442894716,,2482.464694509804,53.54639684468775,2464.56964,2506.1933135294116,2509.55341,53.2113281680102,,,,,,,,,0.23564286504249848,0.1267794729288313,2026.4440757950993
ARE,2020,阿联酋,3.98417997360229,81.8563407363944,9401038.0,1.48831,2581.47405,1350.0,,,,,54.9746998074699,,16.056330773046923,,4.233287659595852,2.028961676387775,14.018347921015838,3.2114841836404784,2507.5582733333335,54.0224978322818,2476.63113,2464.56964,2506.1933135294116,53.8814655213653,53.2113281680102,,3.86020994186401,,,,,,0.26106463194583474,1.0625242051423525,2113.1001943896
ARE,2021,阿联酋,3.89403009414673,81.87240475274,9575152.0,1.49469,2606.78477,,,,,,56.4520334436146,,16.07468207201559,,0.9804754767920532,2.68729732280224,0.42867413374902963,-2.262695963858563,2554.9633166666667,55.10273292414993,2581.47405,2476.63113,2464.56964,54.9746998074699,53.8814655213653,53.2113281680102,3.98417997360229,3.86020994186401,,,,,0.25885728740383995,0.25178939378661824,2134.2373779271825
ARE,2022,阿联酋,,81.8846579747203,10074977.0,,,,,,,,60.4188226013954,,16.125565482171808,,0.0,7.02683130403603,0.0,0.0,2594.12941,57.28185195082663,2606.78477,2581.47405,2476.63113,56.4520334436146,54.9746998074699,53.8814655213653,3.89403009414673,3.98417997360229,3.86020994186401,,,,0.41087158476062685,,
ARE,2023,阿联酋,3.9466268221537293,81.9654257470884,10483751.0,1.6495290196078434,2596.6071021960784,,,,,,61.3456114422447,,16.16533718805217,,-0.390429924290292,1.5339405849790655,10.359273134084201,1.3507016313525577,2601.695936098039,59.405489162418235,,2606.78477,2581.47405,60.4188226013954,56.4520334436146,54.9746998074699,,3.89403009414673,3.98417997360229,,,,0.2857625391643228,-0.09892749983319399,2128.320066294151
ARE,2024,阿联酋,3.9635368982950894,82.1220600575181,10986400.0,1.753766960784314,2617.2945450364145,,,,,,63.7384451086316,,16.21216879321983,,0.796710554432356,3.900578395309817,6.319254765293669,0.4284690928070045,2606.9508236162465,61.83429305075723,2596.6071021960784,,2606.78477,61.3456114422447,60.4188226013954,56.4520334436146,3.9466268221537293,,3.89403009414673,,,,0.30018324173438404,0.20101000063227875,2149.3761981569496
ARE,2025,阿联酋,3.9804469744364495,82.0752362623296,10850184.638888888,1.8580049019607845,2637.9819878767507,,,,,,65.13945307861147,,16.199692747379387,,0.790413248656674,2.1980579657882693,5.943659762517917,0.4266410676947219,2617.2945450364145,63.407836543162595,2617.2945450364145,2596.6071021960784,,63.7384451086316,61.3456114422447,60.4188226013954,3.9635368982950894,3.9466268221537293,,,,,0.31154740338205567,0.19857399275330892,2165.129949107542
CAN,2016,加拿大,4.81642007827759,67.3902081027321,36110803.0,1.72903,4400.49278,,,1247.83745,,1593383.0,69.2459411621094,31.44008,17.402102658306244,14.281370614457126,,,,,,,,,,,,,,,,,,,0.43151836672018024,,2965.5012419877007
CAN,2017,加拿大,4.95996999740601,67.0699290855306,36545075.0,1.68702,4429.05796,,,1268.37307,,1625578.0,70.2687072753906,,17.414057015522324,14.301374617975771,0.6491359360894178,1.4770051444413568,-2.429686008918297,2.980427720078671,4414.775369999999,69.75732421875,4400.49278,,,69.2459411621094,,,4.81642007827759,,,,,,0.4455307264677252,0.13087497231412812,2970.5660329290486
CAN,2018,加拿大,4.8889799118042,66.7853309042324,37072620.0,1.7372,4715.91861,,,,,1622693.0,69.3507232666016,,17.428389276700873,14.299598288979658,6.47678699603198,-1.3063909162172482,2.9744757027184043,-1.431260383408306,4515.1564499999995,69.62179056803387,4429.05796,4400.49278,,70.2687072753906,69.2459411621094,,4.95996999740601,4.81642007827759,,,,,0.4460130393144248,1.324772675051108,3149.5418488627765
CAN,2019,加拿大,4.77293014526367,66.4846890068848,37618495.0,1.75578,4850.93689,,,,,,73.1128768920898,,17.443006402303272,,2.8630324474577806,5.424822479537128,1.0695371862767589,-2.373701030358777,4665.304486666667,70.910769144694,4715.91861,4429.05796,4400.49278,69.3507232666016,70.2687072753906,69.2459411621094,4.8889799118042,4.95996999740601,4.81642007827759,,,,0.45187718197279897,0.5998479676680075,3225.13030523675
CAN,2020,加拿大,4.88794994354248,66.1382867429556,38028638.0,1.93414,5155.65021,,,,,,75.2389068603516,,17.453850091727897,,6.28153544170309,2.9078734945688023,10.158448097142013,2.4098361965960713,4907.501903333334,72.56750233968101,4850.93689,4715.91861,4429.05796,73.1128768920898,69.3507232666016,70.2687072753906,4.77293014526367,4.8889799118042,4.95996999740601,,,,0.48430098604922556,1.2851063358375203,3409.8587193535927
CAN,2021,加拿大,4.74860000610352,65.7746528539238,38239864.0,1.777155,5411.82682,4876.0,24.0,,,,79.7657318115234,,17.459389115806516,,4.968851639762439,6.016601170952529,-8.11652724208175,-2.8508871622766163,5139.471306666666,76.03917185465492,5155.65021,4850.93689,4715.91861,75.2389068603516,73.1128768920898,69.3507232666016,4.88794994354248,4.77293014526367,4.8889799118042,,,,0.4848477948085018,1.0463824355338043,3559.6103039105433
CAN,2022,加拿大,4.88021993637085,65.5113452142292,38935934.0,1.71166,,,,,66.0,,78.8984985351562,,17.47742816108783,,0.0,-1.0872253744457216,-3.6853847863579703,2.771762837429015,5283.738514999999,77.96771240234374,5411.82682,5155.65021,4850.93689,79.7657318115234,75.2389068603516,73.1128768920898,4.74860000610352,4.88794994354248,4.77293014526367,24.0,,,0.4879957926963446,0.0,
CAN,2023,加拿大,4.81752852031163,65.3373373940366,40083484.0,1.70133,5564.460401333334,,,,,1643194.6666666667,76.2586212158203,,17.50647496205866,14.312153481022152,2.820370762221347,-3.3459157884476065,-0.6035077059696414,-1.284602269500179,5488.143610666667,78.30761718749996,,5411.82682,5155.65021,78.8984985351562,79.7657318115234,75.2389068603516,4.88021993637085,4.74860000610352,4.88794994354248,,24.0,,0.47986961822449636,0.5854393493116065,3635.670266576723
CAN,2024,加拿大,4.809229578290668,65.0890886641808,41288599.0,1.7663532142857141,5775.073693619048,,,,,1657849.6666666667,80.74654224940706,,17.53609699077254,14.321032542265531,3.7849724338993918,5.885132673570692,3.8219048794598365,-0.17226555039522307,5669.767047476191,78.63455400012785,5564.460401333334,,5411.82682,76.2586212158203,78.8984985351562,79.7657318115234,4.81752852031163,4.88021993637085,4.74860000610352,,,24.0,0.5012463814067853,0.787022613972335,3758.9428368614836
CAN,2025,加拿大,4.800930636269706,64.70396363305166,41186590.88888889,1.769061845238095,5985.686985904762,,,,,1672504.6666666667,82.2418847765241,,17.533623321762725,14.329833459120286,3.6469368783713207,1.851896670074482,0.1533459406914961,-0.17256281668115436,5775.073693619048,79.74901608058381,5775.073693619048,5564.460401333334,,80.74654224940706,76.2586212158203,78.8984985351562,4.809229578290668,4.81752852031163,4.88021993637085,,,,0.5103471887891088,0.7596312370813523,3872.976730548123
CHN,2016,中国,,71.2044525051679,1387790000.0,2.10033,1208.86205,,,,,43886104.0,49.309077375597,,21.050978391475102,17.59710831313764,,,,,,,,,,,,,,,,,,,0.21778978904934754,,860.7636042452489
CHN,2017,中国,,70.6659121055216,1396215000.0,2.11603,1235.84935,,,,,44127509.0,51.0678812273407,,21.057030841605584,17.6025939554526,2.232454894253655,3.566896696011046,0.7475015830845644,,1222.3557,50.188479301468846,1208.86205,,,49.309077375597,,,,,,,,,0.2269081665532109,,873.32421542766
CHN,2018,中国,,70.1553162360731,1402760000.0,2.14058,1317.48914,,,,,44935169.0,53.3987984572814,,21.061707562136863,17.620731342309917,6.605966172171396,4.564350769839209,1.1601914906688604,,1254.0668466666666,51.2585856867397,1235.84935,1208.86205,,51.0678812273407,49.309077375597,,,,,,,,0.2407087078278253,,924.2886725429198
CHN,2019,中国,,69.74115264804,1407745000.0,2.24463,1483.85803,,,,,46993614.0,56.6050917923292,,21.065254971036047,17.665522299381912,12.627723823211179,6.00442973939348,4.860832110923208,,1345.7321733333335,53.69059049231711,1317.48914,1235.84935,1208.86205,53.3987984572814,51.0678812273407,49.309077375597,,,,,,,0.2660184258941432,,1034.8596937824993
CHN,2020,中国,,69.3999249325134,1411100000.0,2.40666,1600.30633,,35.0,,,,61.6124675996947,,21.067635379736657,,7.8476712492501655,8.846157914090824,7.21856163376593,,1467.2178333333331,57.2054526164351,1483.85803,1317.48914,1235.84935,56.6050917923292,53.3987984572814,51.0678812273407,,,,,,,0.30091570914478133,,1110.61139171026
CHN,2021,中国,,69.2124049434275,1412360000.0,2.4313,1685.97511,1585.0,,,,,66.8186077597542,,21.068527901736438,,5.353273832266869,8.449816024062784,1.0238255507632799,,1590.04649,61.678722383926036,1600.30633,1483.85803,1317.48914,61.6124675996947,56.6050917923292,53.3987984572814,,,,35.0,,,0.3266655930762065,,1166.9039203785971
CHN,2022,中国,,69.0962698960779,1412175000.0,2.55518,1849.23669,,,,,,71.5799465086024,,21.068396906723002,,9.683510689549845,7.125767669340788,5.095216550816439,,1711.8393766666666,66.67034062268378,1685.97511,1600.30633,1483.85803,66.8186077597542,61.6124675996947,56.6050917923292,,,,,35.0,,0.35956093197812017,,1277.7535743396975
CHN,2023,中国,4.00127983093262,69.0943118083391,1410710000.0,2.607982857142857,1926.5384757142856,,,,,47518146.5,74.5933014618366,,21.067358961407848,17.676622248672924,4.180199653852079,4.209775363372281,2.0665024437752644,,1820.5834252380953,70.99728524339774,1849.23669,1685.97511,1600.30633,71.5799465086024,66.8186077597542,61.6124675996947,,,,,,35.0,0.36209225132683714,1.0447156486122984,1331.1285015176516
CHN,2024,中国,,69.3269188307508,1408975000.0,2.6887389285714285,2037.4024982142857,,,,,48531165.5,76.8757843123403,,21.066128327335083,17.697716757770866,5.754570899960676,3.0599032430163486,3.0964954852902293,0.0,1937.7258879761903,74.34967742759311,1926.5384757142856,1849.23669,1685.97511,74.5933014618366,71.5799465086024,66.8186077597542,4.00127983093262,,,,,,0.3960837848901644,,1412.468376192707
CHN,2025,中国,,68.52698132506079,1418175833.3333335,2.769495,2148.266520714286,,,,,49544184.5,81.3805702094636,,21.07263725901429,17.71837546573964,5.441439411072113,5.859824309330897,3.003492476358738,0.0,2037.4024982142857,77.61655199454684,2037.4024982142857,1926.5384757142856,1849.23669,76.8757843123403,74.5933014618366,71.5799465086024,,4.00127983093262,,,,,0.42342653478224923,,1472.1421974624118
DEU,2016,德国,4.74631023406982,65.5385099359924,82348669.0,2.94039,4839.84645,,,1945.70514,,3043084.0,67.9464111328125,33.58129,18.226472863880694,14.928382361449884,,,,,,,,,,,,,,,,,,,0.4914704276782523,,3171.963246520025
DEU,2017,德国,4.77830982208252,65.2493405041228,82657002.0,3.0471,5058.39528,,,2006.65327,,3091694.0,68.4692306518555,,18.230210109434356,14.944230042168156,4.515614953032232,0.7694586223561783,3.629110424127413,0.6741992502513172,4949.120865,68.207820892334,4839.84645,,,67.9464111328125,,,4.74631023406982,,,,,,0.5062953576897989,0.9450234750714012,3300.5695602916758
DEU,2018,德国,4.88400983810425,64.9876223341919,82905782.0,3.11011,5209.2143,,,,,3127927.0,69.1634292602539,,18.23321537641797,14.955881362479609,2.981558610026225,1.0138840495056645,2.067867808736179,2.2120795837315965,5035.818676666667,68.52635701497397,5058.39528,4839.84645,,68.4692306518555,67.9464111328125,,4.77830982208252,4.74631023406982,,,,,0.5241575287197388,0.6104735061679422,3385.3445158627183
DEU,2019,德国,5.02757978439331,64.709009583285,83092962.0,3.16701,5398.63462,,,,,,72.705078125,,18.23547057513293,,3.63625508745149,5.1206958686494275,1.8295172839545737,2.939591668488273,5222.0814,70.11257934570314,5209.2143,5058.39528,4839.84645,69.1634292602539,68.4692306518555,67.9464111328125,4.88400983810425,4.77830982208252,4.74631023406982,,,,0.5546509394770869,0.7232615380345049,3493.4029936223415
DEU,2020,德国,5.51600980758667,64.3935455490144,83160871.0,3.13136,5390.05249,,,,,,72.3894195556641,,18.236287506709598,,-0.15896852823130692,-0.4341630288783871,-1.1256674276367895,9.715012871790751,5332.633803333333,71.41930898030601,5398.63462,5209.2143,5058.39528,72.705078125,69.1634292602539,68.4692306518555,5.02757978439331,4.88400983810425,4.77830982208252,,,,0.5933438028237493,-0.02881947889444704,3470.845905263935
DEU,2021,德国,5.36734008789062,64.007731691245,83196078.0,3.12941,5520.57631,5234.0,35.0,,,,75.6655426025391,,18.23671077727706,,2.4215686255775193,4.52569321177636,-0.06227326145827883,-2.695240307433311,5436.4211399999995,73.58668009440107,5390.05249,5398.63462,5209.2143,72.3894195556641,72.705078125,69.1634292602539,5.51600980758667,5.02757978439331,4.88400983810425,,,,0.5938164158781556,0.45116735401970826,3533.595672315234
DEU,2022,德国,5.23916006088257,63.6285624993021,83177813.0,3.13236,5787.44181,,,,37.0,,77.3656997680664,,18.23649121157785,,4.83401523707947,2.2469371223014845,0.0942669704512955,-2.3881480381174214,5566.023536666667,75.14022064208987,5520.57631,5390.05249,5398.63462,75.6655426025391,72.3894195556641,72.705078125,5.36734008789062,5.51600980758667,5.02757978439331,35.0,,,0.5946985057443356,0.9226698900023965,3682.466029186591
DEU,2023,德国,5.5496185166495176,63.2943857808214,83287273.0,3.2027885714285707,5878.878227142858,,,,,3172411.3333333335,78.5947494506836,,18.23780632235683,14.970002844881806,1.579910781735494,1.588623493746888,2.2484188097335878,5.92572954746966,5728.96544904762,77.2086639404297,5787.44181,5520.57631,5390.05249,77.3656997680664,75.6655426025391,72.3894195556641,5.23916006088257,5.36734008789062,5.51600980758667,,35.0,,0.6305912902661126,0.2846881775739311,3720.9998646725144
DEU,2024,德国,5.667068873132977,62.8942524078782,83516593.0,3.2299949999999993,6019.877738928572,,,,,3214832.8333333335,80.19162695748467,,18.240555900615707,14.983286229507367,2.398408443548261,2.0317864971413746,0.8494606485776712,2.116368109467248,5895.399258690478,78.71735872541156,5878.878227142858,5787.44181,5520.57631,78.5947494506836,77.3656997680664,75.6655426025391,5.5496185166495176,5.23916006088257,5.36734008789062,,,35.0,0.6502457819208833,0.42321850982240267,3786.157099767407
DEU,2025,德国,5.784519229616437,62.64522126696865,83638923.1388889,3.257201428571428,6160.877250714287,,,,,3257254.3333333335,81.83700071062363,,18.242019569444476,14.996395476436877,2.342232149897616,2.0518024332032647,0.8423055940157465,2.0725062481643963,6019.877738928572,80.20779237293063,6019.877738928572,5878.878227142858,5787.44181,80.19162695748467,78.5947494506836,77.3656997680664,5.667068873132977,5.5496185166495176,5.23916006088257,,,,0.6700497260067122,0.40491388426984726,3859.4951856963
FRA,2016,法国,,62.632173096763,66724104.0,2.22238,4392.04699,,,1804.90705,,2480186.0,64.7276763916016,31.62493,18.01607683990151,14.723844518524292,,,,,,,,,,,,,,,,,,,0.3912279880066172,,2750.834473267969
FRA,2017,法国,5.46482992172241,62.3980765439097,66918020.0,2.19888,4546.76212,,,1805.54395,,2532831.0,65.8022308349609,,18.01897886102159,14.74484860226786,3.5226200983792477,1.6601158936375926,-1.0574249228304744,,4469.404555,65.26495361328125,4392.04699,,,64.7276763916016,,,,,,,,,0.5026999885477205,0.6445983038515103,2837.0921079070918
FRA,2018,法国,5.42540979385376,62.1793955597294,67158348.0,2.19666,4670.53241,,,,,2618729.0,67.5435180664062,,18.022563806786277,14.778200025391918,2.722163305081793,2.6462434621899567,-0.10096048897619836,-0.7213422637721512,4536.447173333333,66.02447509765624,4546.76212,4392.04699,,65.8022308349609,64.7276763916016,,5.46482992172241,,,,,,0.5075760891181178,0.5017433536846614,2904.108821959262
FRA,2019,法国,5.36638021469116,61.9811666181521,67382061.0,2.19179,4773.97249,,,,,,67.7331314086914,,18.025889398027118,,2.2147385120061758,0.2807276667152525,-0.22170021760308245,-1.088020654761812,4663.755673333333,67.02629343668616,4670.53241,4546.76212,4392.04699,67.5435180664062,65.8022308349609,64.7276763916016,5.42540979385376,5.46482992172241,,,,,0.505380458924314,0.4127062234507802,2958.963843331645
FRA,2020,法国,5.65872001647949,61.8134010588151,67601110.0,2.27464,4883.2219,,,,,,68.8709411621094,,18.029134975789383,,2.2884381975146084,1.6798422422737547,3.780015421185423,5.447616271914768,4775.908933333333,68.049196879069,4773.97249,4670.53241,4546.76212,67.7331314086914,67.5435180664062,65.8022308349609,5.36638021469116,5.42540979385376,5.46482992172241,,,,0.5404854195668141,0.404409158051671,3018.4855376388905
FRA,2021,法国,5.41742992401123,61.7040398746753,67842811.0,2.21404,5058.05374,4715.0,27.0,,,,69.9397888183594,,18.032703999060573,,3.580255896214757,1.551957383207725,-2.664157844757875,-4.26404013214241,4905.08271,68.84795379638673,4883.2219,4773.97249,4670.53241,68.8709411621094,67.7331314086914,67.5435180664062,5.65872001647949,5.36638021469116,5.42540979385376,,,,0.5244555456963611,0.6608771957245414,3121.0234966121056
FRA,2022,法国,5.32435989379883,61.5912351189772,68184457.0,2.23312,5181.84576,,,,51.0,,71.5107269287109,,18.037727208280096,,2.4474239769544326,2.246129330517954,0.8617730483640784,-1.7179738643206655,5041.040466666666,70.10715230305989,5058.05374,4883.2219,4773.97249,69.9397888183594,68.8709411621094,67.7331314086914,5.41742992401123,5.65872001647949,5.36638021469116,27.0,,,0.5252794688396409,0.45966539185393834,3191.562805544351
FRA,2023,法国,5.399459966023763,61.4660792751563,68372286.0,2.238861428571428,5301.586350000001,,,,,2682458.3333333335,70.4536437988281,,18.040478139674246,14.802244593384502,2.3107710176228924,-1.47821617159144,0.25710345039353655,1.4104995477935534,5180.495283333334,70.6347198486328,5181.84576,5058.05374,4883.2219,71.5107269287109,69.9397888183594,68.8709411621094,5.32435989379883,5.41742992401123,5.65872001647949,,27.0,,0.5315831893877216,0.4279633578475397,3258.6772687318658
FRA,2024,法国,5.3870613960992735,61.3483170751607,68551653.0,2.2438799999999994,5430.324530000002,,,,,2751729.8333333335,72.44507544381277,,18.04309809205496,14.827740665596853,2.428295447833273,2.8265843150298453,0.2241573044462042,-0.22962611080568074,5304.585546666668,71.46981539045059,5301.586350000001,5181.84576,5058.05374,70.4536437988281,71.5107269287109,69.9397888183594,5.399459966023763,5.32435989379883,5.41742992401123,,,27.0,0.5400069065423918,0.4507643906920351,3331.412710874631
FRA,2025,法国,5.374662826174783,61.11947073145566,68819369.05555555,2.248898571428571,5559.062710000002,,,,,2821001.3333333335,73.36115728105817,,18.046995804783368,14.85260281711365,2.3707271874596536,1.2645191293311653,0.22365596326772152,-0.23015460587600955,5430.324530000002,72.08662550789968,5430.324530000002,5301.586350000001,5181.84576,72.44507544381277,70.4536437988281,71.5107269287109,5.3870613960992735,5.399459966023763,5.32435989379883,,,,0.5451166838534527,0.44109319303047906,3397.669705981717
GBR,2016,英国,5.42795991897583,64.1335648731091,65607000.0,2.32052,4434.65942,,,1305.4251,,2387280.16667,58.110481262207,37.99046,17.999192970780847,14.68566568919691,,,,,,,,,,,,,,,,,,,0.4791181786070687,,2844.1051760271434
GBR,2017,英国,5.45256996154785,63.9059468954247,65966000.0,2.32602,4472.69458,,,,,2431886.37666,59.6335182189941,,18.00465003089874,14.704178212056759,0.8576793931110993,2.620933304466755,0.23701584127695519,0.4533939627296091,4453.677,58.87199974060055,4434.65942,,,58.110481262207,,,5.42795991897583,,,,,,0.4870933676126538,0.157298191340882,2858.317823089339
GBR,2018,英国,5.20437002182007,63.6924638374832,66289000.0,2.71124,,,,,,2467086.41216,61.1251182556152,,18.00953454395769,14.71854882745775,0.0,2.501277940944968,16.56133653193008,-4.551980836158254,4453.677,59.62303924560543,4472.69458,4434.65942,,59.6335182189941,58.110481262207,,5.45256996154785,5.42795991897583,,,,,0.5171036613522998,0.0,
GBR,2019,英国,5.26115989685059,63.5198822523142,66631000.0,2.6708,,,,,,,65.4840774536133,,18.014680507688666,,0.0,7.131207795410144,-1.4915684336318513,1.091195952486479,,62.08090464274087,,4472.69458,4434.65942,61.1251182556152,59.6335182189941,58.110481262207,5.20437002182007,5.45256996154785,5.42795991897583,,,,0.5388243333283252,0.0,
GBR,2020,英国,5.43935012817383,63.4278786786019,66744000.0,2.93883,,,,,,,69.3701629638672,,18.01637497854667,,0.0,5.9343975839114105,10.035569866706595,3.3869001288082234,,65.3264528910319,,,4472.69458,65.4840774536133,61.1251182556152,59.6335182189941,5.26115989685059,5.20437002182007,5.45256996154785,,,,0.5925494669456958,0.0,
GBR,2021,英国,5.90682983398438,63.4465589396069,66984000.0,2.913555,,4603.0,27.0,,,,76.7174911499023,,18.01996435779534,,0.0,10.591481801566616,-0.8600361368299558,8.594403647398563,,70.52391052246094,,,,69.3701629638672,65.4840774536133,61.1251182556152,5.43935012817383,5.26115989685059,5.20437002182007,,,,0.674199922086279,0.0,
GBR,2022,英国,,63.4404279110136,67604000.0,,,,,,57.0,,79.7250823974609,,18.02917772565228,,0.0,3.920346198081348,0.0,0.0,,75.27091217041014,,,,76.7174911499023,69.3701629638672,65.4840774536133,5.90682983398438,5.43935012817383,5.26115989685059,27.0,,,0.6488584541822487,,
GBR,2023,英国,5.689854621887213,63.3527288517877,68492000.0,3.123144,,,,,,2508557.230653333,80.4987716674805,,18.042227522691245,14.73521873597301,0.0,0.9704464978317118,7.193583096938272,-3.673293766629626,,78.98044840494791,,,,79.7250823974609,76.7174911499023,69.3701629638672,,5.90682983398438,5.43935012817383,,27.0,,0.6787799775022285,0.0,
GBR,2024,英国,5.758754049028677,63.3151859345352,69226000.0,3.2592344285714283,,,,,,2548460.353398333,85.32446602412634,,18.05288708701065,14.751000344196921,0.0,5.994742847231915,4.357481709822797,1.2109171801407248,,81.84944002968925,,,,80.4987716674805,79.7250823974609,76.7174911499023,5.689854621887213,,5.90682983398438,,,27.0,0.7153283972541633,0.0,
GBR,2025,英国,5.8276534761701395,63.1224127095263,69146750.0,3.395324857142857,,,,,,2588363.4761433327,88.98921671367827,,18.0517416301556,14.766536757817992,0.0,4.295076031903555,4.175533597044123,1.1964294108564033,,84.9374848017617,,,,85.32446602412634,80.4987716674805,79.7250823974609,5.758754049028677,5.689854621887213,,,,,0.7471065274415558,0.0,
IND,2016,印度,4.25407981872559,65.9731160836743,1343944296.0,0.66984,,,,,,32391800.0,27.0875990028504,,21.018874632503948,17.29341589318304,,,,,,,,,,,,,,,,,,,0.135897856816515,,
IND,2017,印度,4.30544996261597,66.3274225183491,1359657400.0,0.66603,,,,,,33374107.0,27.7311089156625,,21.030498593930048,17.323290947735767,,2.3756624304146934,-0.5687925474740174,1.207550071445751,,27.40935395925645,,,,27.0875990028504,,,4.25407981872559,,,,,,0.14412941369058496,,
IND,2018,印度,4.36373996734619,66.6529850197096,1374659064.0,0.66001,250.00794,,,73.05997,,34337594.0,28.3540737878038,,21.041471584592312,17.351751376036372,,2.2464477494783752,-0.9038631893458327,1.353865571225965,,27.724260568772234,,,,27.7311089156625,27.0875990028504,,4.30544996261597,4.25407981872559,,,,,0.11468875672585567,,166.63775479628458
IND,2019,印度,3.89732003211975,66.944203338595,1389030312.0,0.65942,,,,,,35148118.0,28.7996949674505,,21.051871724094596,17.375081661275534,0.0,1.57163017554951,-0.08939258496083458,-10.688536409516924,,28.294959223638937,250.00794,,,28.3540737878038,27.7311089156625,27.0875990028504,4.36373996734619,4.30544996261597,4.25407981872559,,,,0.10171936588638664,0.0,
IND,2020,印度,4.29335021972656,67.2377729174314,1402617695.0,0.6477900000000001,259.26325,253.0,32.0,,,,29.5619706114824,,21.061606110556724,,3.702006424275983,2.6468184642004955,-1.7636711049103582,10.161602956465687,254.63559500000002,28.9052464555789,,250.00794,,28.7996949674505,28.3540737878038,27.7311089156625,3.89732003211975,4.36373996734619,4.30544996261597,,,,0.1120371100915104,0.8622651856506971,174.32283529335248
IND,2021,印度,4.62949991226196,67.5490478920304,1414203896.0,,,,,,,,31.3171017843903,,21.06983259275217,,0.0,5.937125085383088,0.0,7.829542789006605,,29.892922454441067,259.26325,,250.00794,29.5619706114824,28.7996949674505,28.3540737878038,4.29335021972656,3.89732003211975,4.36373996734619,32.0,,,0.2905054187168821,0.0,
IND,2022,印度,4.09865814174589,67.8132963616236,1425423212.0,,,,,,,,32.4539938196142,,21.077734598152702,,0.0,3.6302594124165477,0.0,-11.46650352255223,,31.111022071828966,,259.26325,,31.3171017843903,29.5619706114824,28.7996949674505,4.62949991226196,4.29335021972656,3.89732003211975,,32.0,,0.20704664229727915,0.0,
IND,2023,印度,4.279077596467879,68.0210944742065,1438069596.0,0.6454050000000001,,,,,,36121015.0,34.0091701770575,,21.086567493544194,17.40238541457815,0.0,4.791941374264397,-0.3681748714861266,4.401915175222104,,32.593421927020664,,,259.26325,32.4539938196142,31.3171017843903,29.5619706114824,4.09865814174589,4.62949991226196,4.29335021972656,,,32.0,0.16558197105971842,0.0,
IND,2024,印度,4.28305777935121,68.2295801537644,1450935791.0,0.6403340000000002,,,,,,37044259.1,34.4184659748952,,21.09547455900789,17.42762397462763,0.0,1.2034865764346314,-0.7857081987279191,0.09301497328808583,,33.627209990522296,,,,34.0091701770575,32.4539938196142,31.3171017843903,4.279077596467879,4.09865814174589,4.62949991226196,,,,0.16738463023291886,0.0,
IND,2025,印度,4.28703796223454,68.61364147758681,1465663288.6666667,0.6352630000000001,,,,,,37967503.2,35.321039217322266,,21.105573734403364,17.45224119920748,0.0,2.62235174305967,-0.7919304612905242,0.09292853583529048,,34.58289178975832,,,,34.4184659748952,34.0091701770575,32.4539938196142,4.28305777935121,4.279077596467879,4.09865814174589,,,,0.17121415454440705,0.0,
JPN,2016,日本,3.14643001556396,59.7647226208824,127076000.0,3.10666,5232.70894,,,502.55447,,3846927.0,63.1872291564941,20.60904,18.660295898504067,15.162785465676782,,,,,,,,,,,,,,,,,,,0.35807762205770594,,3127.313983549116
JPN,2017,日本,3.13057994842529,59.4143459524436,126972000.0,3.16636,5319.83455,,,520.66338,,3853034.0,62.4629783630371,,18.65947715555005,15.164371707397818,1.6650192280711629,-1.1461980579386744,1.921677943514899,-0.5037476460708512,5276.271745,62.8251037597656,5232.70894,,,63.1872291564941,,,3.14643001556396,,,,,,0.3595166874058809,0.5318564788318799,3160.7449036346206
JPN,2018,日本,3.07782006263733,59.1635617451289,126811000.0,3.2192,5339.51713,,,524.29128,,3861847.0,62.2089385986328,,18.65820835487916,15.16665638335038,0.36998481465932986,-0.4067045329279928,1.6687931883929696,-1.6853070886913013,5297.35354,62.61971537272134,5319.83455,5232.70894,,62.4629783630371,63.1872291564941,,3.13057994842529,3.14643001556396,,,,,0.3573010108470921,0.12021002109600143,3159.0485140992846
JPN,2019,日本,3.15533995628357,59.0046702146202,126633000.0,3.21824,5376.11987,,,,,,62.1184997558594,,18.656803705111464,,0.6855065562829221,-0.1453791767078716,-0.029821073558633504,2.5186623021689725,5345.157183333334,62.26347223917643,5339.51713,5319.83455,5232.70894,62.2089385986328,62.4629783630371,63.1872291564941,3.07782006263733,3.13057994842529,3.14643001556396,,,,0.3644613201965044,0.21725283670870352,3172.1617996361683
JPN,2020,日本,3.30628991127014,58.861072796091,126261000.0,3.26458,5450.44287,,,,,,62.1358413696289,,18.65386175895723,,1.3824654545881554,0.027916987431519935,1.4399174704186057,4.783952191457752,5388.69329,62.15442657470703,5376.11987,5339.51713,5319.83455,62.1184997558594,62.2089385986328,62.4629783630371,3.15533995628357,3.07782006263733,3.13057994842529,,,,0.38143609655082744,0.41813195203353154,3208.189145420052
JPN,2021,日本,3.33563995361328,58.7347384818338,125681593.0,3.288385,5589.76698,5331.0,22.0,,,,63.1702690124512,,18.649262234835668,,2.5561979700192694,1.664784156810195,0.7291902786882298,0.8877032302307963,5472.1099066666675,62.474870045979834,5450.44287,5376.11987,5339.51713,62.1358413696289,62.1184997558594,62.2089385986328,3.30628991127014,3.15533995628357,3.07782006263733,,,,0.3916432587818648,0.7663291019314923,3283.1350174468994
JPN,2022,日本,,58.7384165155584,125124989.0,3.40537,5629.79566,,,,66.0,,64.6288299560547,,18.644823715679575,,0.7161064163000219,2.308935780083532,3.557521397281649,0.0,5556.668503333333,63.31164677937827,5589.76698,5450.44287,5376.11987,63.1702690124512,62.1358413696289,62.1184997558594,3.33563995361328,3.30628991127014,3.15533995628357,22.0,,,0.5078200411145671,,3306.85282374563
JPN,2023,日本,3.347086588541667,58.7888993029413,124516650.0,3.407765,5682.890965714286,,,537.5731866666666,,3868856.0,64.8912200927734,,18.63995000789813,15.168469672544697,0.9431124843754191,0.4059954928738563,0.07033009628909515,0.34316158481035863,5634.151201904762,64.23010635375977,5629.79566,5589.76698,5450.44287,64.6288299560547,63.1702690124512,62.1358413696289,,3.33563995361328,3.30628991127014,,22.0,,0.4060125682251503,0.2817711640935872,3340.9090473297197
JPN,2024,日本,3.3913922877538782,58.7831280041029,123975371.0,3.4501064285714285,5748.678492857143,,,548.4415916666667,,3876316.0,64.47503975459507,,18.63559349093993,15.170396033994272,1.1576419033862084,-0.6413507676128138,1.2424984871735045,1.3237093824786772,5687.121706190476,64.66502993447439,5682.890965714286,5629.79566,5589.76698,64.8912200927734,64.6288299560547,63.1702690124512,3.347086588541667,,3.33563995361328,,,22.0,0.4121629054175462,0.341347094397303,3379.2530370005475
JPN,2025,日本,3.435697986966089,58.45126113088203,123886956.30555555,3.492447857142857,5814.46602,,,559.3099966666667,,3883776.0,64.78049841381255,,18.634880073145123,15.172318691709002,1.1443939198304331,0.4737626535479711,1.227249925416385,1.3064162282905523,5748.678492857143,64.71558608706034,5748.678492857143,5682.890965714286,5629.79566,64.47503975459507,64.8912200927734,64.6288299560547,3.3913922877538782,3.347086588541667,,,,,0.4205371405536258,0.3330892075414918,3398.6287167166033
KOR,2016,韩国,4.33309984207153,73.2815119171004,51217803.0,3.98704,7057.16003,,,1227.80109,,3204348.0,93.6577224731445,15.02377,17.751597763939152,14.980019507580415,,,,,,,,,,,,,,,,,,,0.6401302920765215,,5171.593568393297
KOR,2017,韩国,4.32823991775513,73.1104702951829,51361911.0,4.29206,7453.21918,,,1251.10685,,3136395.0,93.7230224609375,,17.754407444067386,14.95858492799056,5.6121605336474145,0.06972194718029012,7.650286929652084,-0.11215814298145554,7255.189605,93.690372467041,7057.16003,,,93.6577224731445,,,4.33309984207153,,,,,,0.6643929359243792,1.296638042319567,5449.083594628775
KOR,2018,韩国,4.45807981491089,72.8334079576546,51585058.0,4.51633,7918.46916,,,1311.43521,,3083800.0,93.3281784057617,,17.758742634259296,14.941673484994581,6.242268860795797,-0.4212882222618952,5.2252298430124355,2.9998313315104275,7476.28279,93.56964111328124,7453.21918,7057.16003,,93.7230224609375,93.6577224731445,,4.32823991775513,4.33309984207153,,,,,0.6964228783645533,1.4002146933119837,5767.290947303865
KOR,2019,韩国,4.68465995788574,72.5261052970989,51764822.0,4.62703,8328.96727,,,,,,93.9989166259766,,17.76222138387775,,5.184058960204374,0.718687787196215,2.4511052115323784,5.082460439963654,7900.218536666667,93.6833724975586,7918.46916,7453.21918,7057.16003,93.3281784057617,93.7230224609375,93.6577224731445,4.45807981491089,4.32823991775513,4.33309984207153,,,,0.7330973308825827,1.1066030420154593,6040.675572401103
KOR,2020,韩国,4.8017201423645,72.0631744683847,51836239.0,4.79571,8620.009,,,,,,96.8767700195312,,17.763600076513605,,3.494331536735662,3.061581448864592,3.645535040836112,2.4987978963491475,8289.148476666667,94.73462168375652,8328.96727,7918.46916,7453.21918,93.9989166259766,93.3281784057617,93.7230224609375,4.68465995788574,4.45807981491089,4.32823991775513,,,,0.7672086465192085,0.7277249471300833,6211.852124860464
KOR,2021,韩国,4.86627006530762,71.5403701724822,51769539.0,4.91994,9071.4503,8714.0,32.0,,,,100.359878540039,,17.76231250338371,,5.237132583040238,3.595401167695411,2.5904402059340637,1.3443083109657028,8673.475523333333,97.07852172851558,8620.009,8328.96727,7918.46916,96.8767700195312,93.9989166259766,93.3281784057617,4.8017201423645,4.68465995788574,4.45807981491089,,,,0.8003915259115447,1.0762108376139157,6489.749124632746
KOR,2022,韩国,5.81446981430054,71.1010946234232,51672569.0,5.21081,9434.7613,,,,69.0,,102.813056945801,,17.760437637752972,,4.0049935565429795,2.444381600943535,5.912063968259784,19.48514439740574,9042.073533333334,100.0165685017904,9071.4503,8620.009,8328.96727,100.359878540039,96.8767700195312,93.9989166259766,4.86627006530762,4.8017201423645,4.68465995788574,32.0,,,0.911741847695714,0.6887977209362752,6708.2185594071125
KOR,2023,韩国,5.592907156263083,70.6941593301433,51712619.0,5.3650528571428575,9850.691732857144,,,1347.081836666667,,3020966.3333333335,106.709167480469,,17.76121241027123,14.921087647113833,4.40848919894925,3.789509475165098,2.9600552916505762,-3.810539311641614,9452.301110952381,103.294034322103,9434.7613,9071.4503,8620.009,102.813056945801,100.359878540039,96.8767700195312,5.81446981430054,4.86627006530762,4.8017201423645,,32.0,,0.9224342642505157,0.788228568037735,6963.863708747282
KOR,2024,韩国,5.802328961236141,70.1583600473263,51751065.0,5.550997500000001,10246.0776575,,,1388.898896666667,,2960692.3333333335,106.29672704424198,,17.76195558893141,14.900934033105923,4.013788425883225,-0.3865089063716298,3.465849224758011,3.7444176905125692,9843.843563452381,105.27298382350399,9850.691732857144,9434.7613,9071.4503,106.709167480469,102.813056945801,100.359878540039,5.592907156263083,5.81446981430054,4.86627006530762,,,32.0,0.9576322664005686,0.6917547165454263,7188.4800536775065
KOR,2025,韩国,6.0117507662091985,69.90719194259172,51910589.80555555,5.736942142857144,10641.463582142856,,,1430.7159566666671,,2900418.3333333335,108.21081324986072,,17.765033389082422,14.880365882204613,3.8589003310299796,1.8007009800236728,3.3497518753547117,3.6092714903300127,10246.0776575,107.07223592485722,10246.0776575,9850.691732857144,9434.7613,106.29672704424198,106.709167480469,102.813056945801,5.802328961236141,5.592907156263083,5.81446981430054,,,,1.0,0.6418929328740732,7439.148371869604
USA,2016,美国,4.78327989578247,66.3180403833652,324353340.0,2.83676,3809.11997,,,,,19288423.51018,88.8350524902344,19.42953,19.59734403817149,16.775015707631436,,,,,,,,,,,,,,,,,,,0.5291181209891979,,2526.1337199554287
USA,2017,美国,5.09296989440918,66.1219291236341,326608609.0,2.88357,3931.60035,,,,,19014530.0944,88.1673889160156,,19.604273100676117,16.760714039266578,3.215450838110523,-0.7515767205655721,1.6501219701349434,6.474427701790364,3870.36016,88.501220703125,3809.11997,,,88.8350524902344,,,4.78327989578247,,,,,,0.5586897341889664,0.6313508433733904,2599.6499968515504
USA,2018,美国,4.89502000808716,65.9220436398193,328529577.0,2.99045,4226.79136,,,,,18941967.42457,88.2991790771484,,19.61013743140944,16.756890569813464,7.508164200870526,0.14947721913183276,3.7065165749400775,-3.886727988306382,3989.17056,88.43387349446613,3931.60035,3809.11997,,88.1673889160156,88.8350524902344,,5.09296989440918,4.78327989578247,,,,,0.5545678458351154,1.5338372853361455,2786.3872449033115
USA,2019,美国,4.95746994018555,65.718674264212,330226227.0,3.14704,4265.92083,,,,,,87.8887100219727,,19.61528851694395,,0.9257487930513841,-0.4648616889371793,5.236335668544867,1.2757850222310685,4141.437513333333,88.11842600504558,4226.79136,3931.60035,3809.11997,88.2991790771484,88.1673889160156,88.8350524902344,4.89502000808716,5.09296989440918,4.78327989578247,,,,0.5672390835785598,0.18673815559570187,2803.506614636869
USA,2020,美国,5.39531993865967,65.5352308319268,331577720.0,3.42467,4464.09495,,,,,,87.5676574707031,,19.61937279259919,,4.645517999451476,-0.3652944174392103,8.821940617214906,8.832126140087727,4318.935713333333,87.91851552327473,4265.92083,4226.79136,3931.60035,87.8887100219727,88.2991790771484,88.1673889160156,4.95746994018555,4.89502000808716,5.09296989440918,,,,0.6219314013492089,0.861027344488775,2925.554930038887
USA,2021,美国,5.42038011550903,65.380112850592,332099760.0,3.471565,4825.1804,4412.0,21.0,,,,84.8550872802734,,19.620945966683966,,8.08865971813615,-3.09768500012374,1.3693290156423954,0.4644799035881775,4518.398726666667,86.7704849243164,4464.09495,4265.92083,4226.79136,87.5676574707031,87.8887100219727,88.2991790771484,5.39531993865967,4.95746994018555,4.89502000808716,,,,0.6266924564974574,1.4922679859651393,3154.7083907646465
USA,2022,美国,,65.1985544146872,334017321.0,3.58623,,,,,50.0,,79.361930847168,,19.626703411871624,,0.0,-6.473573487658668,3.3029771875220604,0.0,4644.637675,83.92822519938149,4825.1804,4464.09495,4265.92083,84.8550872802734,87.5676574707031,87.8887100219727,5.42038011550903,5.39531993865967,4.95746994018555,21.0,,,0.6114062235236029,,
USA,2023,美国,5.5062400817871096,64.9735428685564,336806231.0,3.7427007142857143,4925.476185333333,,,,,18735184.25744,81.31421661376953,,19.6350183437242,16.745913878468482,2.078591410454478,2.4599776564927067,4.363097578396102,1.5840211285627959,4875.328292666667,81.84374491373698,,4825.1804,4464.09495,79.361930847168,84.8550872802734,87.5676574707031,,5.42038011550903,5.39531993865967,,21.0,,0.6387960937726542,0.37749741739917897,3200.2563807580896
USA,2024,美国,5.624954400743757,64.7466928651531,340110988.0,3.880508571428572,5117.3880544761905,,,,,18561956.214635,80.03652054922921,,19.644782560540406,16.736624733137244,3.8963109742427893,-1.5713071068607753,3.6820431998971115,2.155996055263132,5021.432119904762,80.23755600338892,4925.476185333333,,4825.1804,81.31421661376953,79.361930847168,84.8550872802734,5.5062400817871096,,5.42038011550903,,,21.0,0.6563443376540354,0.6926831217916365,3313.3395263497323
USA,2025,美国,5.743668719700405,64.58641719060799,340464903.5833334,4.018316428571429,5309.299923619047,,,,,18388728.17183,78.75882448468889,,19.645822608001897,16.727248489887636,3.7501918380997257,-1.5963913170793487,3.5512834105691393,2.110493890242915,5117.38805447619,80.0365205492292,5117.3880544761905,4925.476185333333,,80.03652054922921,81.31421661376953,79.361930847168,5.624954400743757,5.5062400817871096,,,,,0.6738925815354164,0.6529262081632277,3429.0865985692294
