国家,年份,R&D支出占GDP比例(%),每百万人研究人员数量,高等教育毛入学率(%),拥有学士及以上学历人口比例(%),拥有硕士及以上学历人口比例(%),拥有博士学历人口比例(%),使用互联网人口比例(%),每100人固定宽带订阅数,每100人移动电话订阅数,专利申请数(居民),专利申请数(非居民),ICT服务出口占服务出口比例(%),高科技出口占制成品出口比例(%),高科技产品出口(现价美元),政府教育支出占GDP比例(%),高等教育支出占政府教育支出比例(%),每百万人安全互联网服务器数,具有高等教育程度的劳动力比例(%),国家中文
Canada,2024,,,,34.6594141975685,,,,,,,,12.0365173749463,16.7779029827711,36001612663.0,,,39712.7546032744,73.464,
Canada,2023,1.70133,,76.2586212158203,32.8881839878328,11.2232889032779,,93.9564,42.5242,94.1497,,,13.3202567627962,16.3717954388263,41530542798.0,,,42565.0375102124,73.517,
Canada,2022,1.71166,,78.8984985351562,32.3500860763309,10.9365135014018,,94.0,42.1792,91.2387,,,15.0867097491522,15.1489765380468,36895712941.0,4.88021993637085,,43653.2998026964,73.447,
Canada,2021,1.86431,5411.82682,79.7657318115234,29.3299999237061,8.44999980926514,1.07000005245209,93.9371,41.6931,87.4056,4710.0,32445.0,16.4399823293577,16.33762888714,35218428012.0,4.74860000610352,,43542.2312171403,74.035,
Canada,2020,1.93414,5155.65021,75.2389068603516,30.9708342335825,10.2177670072152,,92.3,40.795,84.7748,4452.0,30113.0,14.55803443525,16.7587089775244,30705829277.0,4.88794994354248,,39858.7243645171,73.017,
Canada,2019,1.75578,4850.93689,73.1128768920898,29.7712155335756,9.8509989101133,,91.9129,40.0768,90.9589,4238.0,32250.0,11.6770691777618,17.1309209127166,36788635481.0,4.77293014526367,,35872.9396271701,74.925,
Canada,2018,1.7372,4715.91861,69.3507232666016,28.520011309014,9.35442247861107,,94.64,38.7334,89.0495,4349.0,31812.0,10.0062633713473,15.4222842964733,30480481649.0,4.8889799118042,,30940.812923392,74.882,
Canada,2017,1.68702,4429.05796,70.2687072753906,27.9425660305866,9.15787909108455,,92.7014,37.8277,86.1024,4053.0,30969.0,8.49564421892629,14.3488055729531,26938349605.0,4.95996999740601,,26565.3853494623,75.185,
Canada,2016,1.72903,4400.49278,69.2459411621094,25.75,7.09999990463257,0.949999988079071,91.16,36.8233,84.5919,4078.0,30667.0,8.20562037854801,14.0996116936098,26203266317.0,4.81642007827759,,10221.068747765,75.468,
Canada,2015,1.69359,4545.96875,67.2690963745117,26.577805675299,8.61689844118834,,90.0,36.4699,82.7674,4277.0,32687.0,8.60034408651586,14.8286795335378,28242770992.0,4.7393798828125,,3386.74415755684,75.934,
Canada,2014,1.71483,4564.22043,67.1677017211914,25.6870322073392,8.35123983419972,,87.12,35.2694,80.7902,4198.0,31283.0,8.99388723512204,14.6664530922053,28787810893.0,4.84358978271484,,2698.08155801256,75.994,
Canada,2013,1.70624,4647.61399,65.7477188110352,25.3839152221772,8.35409772545088,,85.8,34.2683,80.3549,4567.0,30174.0,9.5593958014743,15.4941329115402,32182263706.0,4.5890097618103,,2363.0175566301,76.502,
Canada,2012,1.77304,4652.42914,63.603271484375,24.7599844678335,8.16673803284341,,83.0,33.4739,79.3757,4709.0,30533.0,11.3219819190981,15.6186928492244,33113402476.0,,,2146.14560171945,76.692,
Canada,2011,1.78714,4802.7188,63.1586990356445,24.06423241791,7.8018570585966,,83.0,32.6506,77.6723,4754.0,30357.0,11.7420548074206,14.7126429740351,27501347864.0,5.26205015182495,35.5994,1641.94173187563,76.826,
Canada,2010,1.82504,4664.07888,61.8845901489258,23.5518875374507,7.55754374598146,,80.3,31.6318,75.5197,4550.0,30899.0,10.9440987301836,15.5005412945327,26567981070.0,5.356369972229,35.38945,1282.65969830766,77.262,
Canada,2009,1.91742,4466.14043,63.6236991882324,22.6831522778876,7.31945175670467,,80.3,30.4201,70.3945,5067.0,32410.0,10.8841247013254,17.8727014855854,25646491962.0,4.84057998657227,36.06861,,77.81,
Canada,2008,1.85578,4725.99112,64.3074111938477,22.4235846874536,7.32732000389384,,76.7,29.4247,66.0481,5061.0,37028.0,10.2760828729251,15.1830451903737,30132655640.0,4.62612009048462,34.44431,,77.658,
Canada,2007,1.90358,4596.69506,63.8298110961914,21.973866932099,6.90242853383727,,73.2,27.4244,61.2755,4998.0,35133.0,9.26434348230599,14.7696951856267,30533466009.0,4.7664098739624,36.81221,,77.679,
Canada,2006,1.94304,4315.13916,,21.4788152877498,6.74071186520221,,72.4,24.555,57.2331,5522.0,36516.0,9.23736971334192,,,,,,77.932,
Canada,2005,1.97127,4234.36344,,20.6966381134361,6.66097398809249,,71.66,21.5905,52.4553,5183.0,34705.0,8.85027468756767,,,4.76588010787964,,,78.186,
Canada,2004,1.99734,4076.68444,,19.7800655721442,6.14752204985636,,65.956,16.8551,46.7437,5231.0,32970.0,8.60529200006194,,,,,,78.615,
Canada,2003,1.96781,3888.4744,,19.6852141621935,6.29852813844247,,64.2,14.1756,41.7477,3929.0,33299.0,10.7734682858383,,,,,,78.989,
Canada,2002,1.97171,3695.33994,58.4131507873535,18.7955860881939,6.07256960585493,,61.5933,11.1461,37.6464,3959.0,35782.0,9.96023230908758,,,4.99308013916016,,,78.605,
Canada,2001,2.02117,3688.26825,,18.2979966738015,6.02643461488836,,60.2,9.08579,34.1166,3963.0,35753.0,10.5040917567565,,,4.95303010940552,,,78.45,
Canada,2000,1.85848,3510.48256,58.5191192626953,17.7517803124528,5.97046534053828,,51.3,4.56733,28.2502,4187.0,35435.0,9.86436196631489,,,5.42331981658935,,,78.558,
Canada,1999,1.74985,3238.35328,,16.9841439707763,5.60021802409258,,36.2,1.914487665,22.73384365,4061.0,33189.0,10.0052529441236,,,5.53079986572266,,,78.551,
Canada,1998,1.71051,3153.03798,,16.2429977057704,5.19567586542941,,24.9,0.464424857,17.73439489,3809.0,30163.0,8.65885204070113,,,5.49377012252808,31.00068,,78.794,
Canada,1997,1.61386,3114.23872,,15.9124098796297,5.25384975149835,,15.1,,14.03819836,3344.0,25238.0,8.28942570851251,,,,,,78.48,
Canada,1996,1.60682,3055.67247,,15.3997405648874,5.11537586021312,,6.76,,11.81927704,2583.0,24987.0,7.28991849650869,,,,,,78.823,
Canada,1995,,,,15.1022378548387,4.85308938803736,,4.16,,8.842031473,2431.0,24161.0,7.63922165667225,,,6.30476999282837,35.26796,,79.24,
Canada,1994,,,,14.9284454139938,5.03062667247235,,2.38,,6.437896665,2480.0,24683.0,7.57142461600347,,,6.65829992294312,34.57579,,79.421,
Canada,1993,,,,14.3576055555435,4.5678722165655,,1.18,,4.649694019,3623.0,23307.0,7.69021050142757,,,7.67834997177124,27.7808,,80.19,
Canada,1992,,,,13.5635179037546,4.27105345506394,,0.916,,3.621504167,2807.0,22950.0,7.35938382796104,,,6.74663019180298,30.75022,,80.352,
Canada,1991,,,,12.8372851298849,4.08572473189658,,0.57,,2.7692662,2182.0,21097.0,7.60475509005172,,,6.85951995849609,28.13155,,81.196,
Canada,1990,,,,12.5365661470144,4.03255802899551,,0.361,,2.110719507,2549.0,24375.0,7.55923447139121,,,5.96922016143799,31.81251,,81.458,
Canada,1989,,,,,,,,,1.266968346,3031.0,32060.0,7.46823210104379,,,6.07406997680664,31.69809,,,
Canada,1988,,,,,,,,,0.75566853,2772.0,28869.0,7.18855944410346,,,6.15022993087769,30.8411,,,
Canada,1987,,,,,,,,,0.37207101,2527.0,26598.0,7.16792492580441,,,6.29827976226807,30.89166,,,
Canada,1986,,,,,,,,,0.229743594,2161.0,25596.0,6.13435963241116,,,6.02058982849121,31.02303,,,
Canada,1985,,,,,,,,,0.046432581,2092.0,25482.0,3.28119341470741,,,6.18943023681641,30.52069,,,
Canada,1984,,,,,,,,,0.0,2026.0,24709.0,3.49629983502995,,,6.61841011047363,30.931,,,
Canada,1983,,,,,,,,,0.0,2017.0,23690.0,3.05755289829814,,,6.85547018051147,30.06431,,,
Canada,1982,,,,,,,,,0.0,2000.0,23883.0,2.67725470681837,,,6.49725008010864,29.37821,,,
Canada,1981,,,,,,,,,0.0,2164.0,23267.0,2.1592091824454,,,6.409019947052,29.90282,,,
Canada,1980,,,,,,,,,0.0,1648.0,22699.0,,,,6.46289014816284,29.79349,,,
Canada,1979,,,,,,,,,0.0,,,,,,6.69220018386841,30.57821,,,
Canada,1978,,,,,,,,,0.0,,,,,,7.07383012771606,29.07323,,,
Canada,1977,,,,,,,,,0.0,,,,,,6.71091985702515,29.61135,,,
Canada,1976,,,,,,,,,0.0,,,,,,6.69842004776001,31.438,,,
Canada,1975,,,,,,,,,0.0,,,,,,6.42131996154785,31.43102,,,
Canada,1974,,,,,,,,,,,,,,,6.66716003417969,30.71697,,,
Canada,1973,,,,,,,,,,,,,,,7.01386976242065,31.12949,,,
Canada,1972,,,,,,,,,,,,,,,7.58983993530273,31.36655,,,
Canada,1971,,,,,,,,,,,,,,,7.6842999458313,31.36184,,,
Canada,1970,,,,,,,,,0.0,,,,,,,,,,
Canada,1969,,,,,,,,,,,,,,,,,,,
Canada,1968,,,,,,,,,,,,,,,,,,,
Canada,1967,,,,,,,,,,,,,,,,,,,
Canada,1966,,,,,,,,,,,,,,,,,,,
Canada,1965,,,,,,,,,0.0,,,,,,,,,,
Canada,1964,,,,,,,,,,,,,,,,,,,
Canada,1963,,,,,,,,,,,,,,,,,,,
Canada,1962,,,,,,,,,,,,,,,,,,,
Canada,1961,,,,,,,,,,,,,,,,,,,
Canada,1960,,,,,,,,,0.0,,,,,,,,,,
China,2024,,,76.8757843123403,,,,92.0,,,,,16.9375279540385,26.2777380479223,856764726389.0,,,1413.32103124612,,
China,2023,,,74.5933014618366,,,,90.6,44.7289,128.247,,,17.6348809089749,26.5682136542881,825045389470.0,4.00127983093262,,1508.37096213963,,
China,2022,2.55518,1849.23669,71.5799465086024,,,,75.6113,41.3736,124.195,,,15.0052134014711,27.7650612563156,924393316669.0,,,1317.31265600935,,
China,2021,2.4326,1685.97511,66.8186077597542,,,,73.0532,37.5612,121.492,1426644.0,159019.0,14.9436992366028,30.2190732796596,936394581135.0,,,1083.91132572432,,
China,2020,2.40666,1600.30633,61.6124675996947,7.67999982833862,0.910000026226044,0.119999997317791,70.0528,33.907,120.497,1344817.0,152342.0,17.0321611541755,31.2766154241293,757483821706.0,,,948.458649280703,,
China,2019,2.24463,1483.85803,56.6050917923292,,,,64.0809,31.5611,122.67,1243568.0,157093.0,14.301697198836,30.8186302968419,715336038300.0,,,729.738695573417,,
China,2018,2.14058,1317.48914,53.3987984572814,,,,59.2,28.7089,116.229,1393815.0,148187.0,12.8542282709365,31.5481478595353,731389331452.0,,,443.51278907297,,
China,2017,2.11603,1235.84935,51.0678812273407,,,,54.3,27.9101,104.073,1245709.0,135885.0,12.6067554934971,30.9118639785891,654254700212.0,,,207.64925172699,,
China,2016,2.10033,1208.86205,49.309077375597,,,,53.2,22.9761,97.2139,1204981.0,133522.0,12.2034646075309,30.2545232296357,594754428555.0,,,47.5965383811672,,
China,2015,2.05701,1162.7108,47.1192619330726,,,,50.3,19.8438,92.5401,968252.0,133612.0,11.2921105625466,30.4312672747562,652412308349.0,,,19.5592306465873,,
China,2014,2.02243,1101.80087,43.7110051016854,,,,47.9,14.4445,92.6612,801135.0,127042.0,9.20546024522586,29.7037271802947,654030643704.0,,,9.70507194611695,,
China,2013,1.99786,1079.63795,32.7191603158803,,,,45.8,13.6989,89.1302,704936.0,120200.0,8.25988435006095,31.5855813292794,656130321776.0,,,5.13409230949796,,
China,2012,1.91214,1028.98334,29.3081906903292,,,,42.3001,12.7916,81.2076,535313.0,117464.0,8.05993843655599,30.8618085179503,594110243099.0,,,3.76608895354419,,
China,2011,1.78034,972.01743,26.7875039907406,,,,38.3,11.5043,72.5052,415829.0,110583.0,6.91800088794242,30.5004796644425,540460754934.0,,,1.95608292721007,,
China,2010,1.71372,898.85545,25.2883066277701,3.57999992370606,0.379999995231628,,34.3,9.34748,63.5563,293066.0,98111.0,5.87444082138679,32.1501169663397,474737980237.0,,,1.19906855397864,,
China,2009,1.6648,861.24883,23.2886295318604,,,,28.9,7.74497,55.6575,229096.0,85508.0,5.37005274181505,31.9775769727453,359685956947.0,,,,,
China,2008,1.44592,1197.58885,21.8667392730713,,,,22.6,6.21365,48.0758,194579.0,95259.0,4.78939094868269,29.4319344493349,391875971833.0,,,,,
China,2007,1.37369,1076.73747,21.4715595245361,,,,16.0,5.0093,41.2808,153060.0,92101.0,4.0787141301682,30.2374939097036,343558973511.0,,,,,
China,2006,1.36854,931.20148,20.5667705535889,,,,10.5232,3.85819,34.9802,122318.0,88183.0,3.92850336173259,,,,,,,
China,2005,1.30792,856.65892,18.6565208435059,,,,8.52326,2.85109,30.0304,93485.0,79842.0,2.96349273888181,,,,,,,
China,2004,1.21498,713.42588,16.9004402160644,,,,7.3,1.91534,25.7141,65786.0,64598.0,2.76429823931052,,,,,,,
China,2003,1.12037,667.9285,14.513970375061,,,,6.2,0.866656,20.8536,56769.0,48548.0,3.01773406224249,,,,,,,
China,2002,1.05786,631.73478,11.8050804138184,,,,4.5957,0.256319,16.0083,39806.0,40426.0,1.16307922890652,,,,,,,
China,2001,0.94033,582.78825,9.28069019317627,,,,2.63965,0.0262981,11.3253,30038.0,33412.0,0.812349487842502,,,,,,,
China,2000,0.89316,549.57477,7.57777976989746,1.46850953000224,0.108588072439577,,1.77591,0.00178484,6.7156,25346.0,26560.0,2.16166533242613,,,,,,73.352,
China,1999,0.74963,422.97614,6.61046981811523,,,,0.708,,3.448689963,15626.0,34418.0,1.29369042215161,,,1.88803994655609,23.98415,,,
China,1998,0.64689,389.62565,6.25878000259399,,,,0.169,,1.913884263,13751.0,33645.0,1.52775773898267,,,1.84432995319366,15.58072,,,
China,1997,0.63873,476.21305,5.79580020904541,,,,0.0324,,1.069072913,12672.0,12102.0,0.618592528236316,,,,,,,
China,1996,0.56324,447.0994,5.27504014968872,,,,0.0131,,0.557926117,11628.0,11114.0,1.52905198776758,,,1.85338997840881,19.66055,,,
China,1995,,,4.65805006027222,,,,0.00495,,0.29791213,10011.0,8688.0,3.95043465078959,,,1.84192001819611,19.54807,,,
China,1994,,,3.77007007598877,,,,0.00117,,0.129878018,11191.0,7876.0,4.24789410348977,,,1.98571002483368,21.38331,,,
China,1993,,,2.93351006507873,,,,0.000169,,0.053350925,12084.0,7534.0,4.2079871348164,,,1.65785002708435,23.18865,,,
China,1992,,,2.81714010238648,,,,,,0.014946866,10022.0,4387.0,3.7733809060439,,,1.65455996990204,25.93177,,,
China,1991,,,2.88314008712769,,,,,,0.004061416,7372.0,4051.0,3.16664278549936,,,,,,,
China,1990,,,3.00202989578247,,,,0.0,,0.001587842,5832.0,4305.0,2.71562766865927,,,,,,,
China,1989,,,3.01722002029419,,,,,,0.000864322,4749.0,4910.0,2.56354551379535,,,,,,,
China,1988,,,3.09079003334045,,,,,,0.000289186,4780.0,4872.0,0.494030465212021,,,1.76417994499206,29.38277,,,
China,1987,,,3.05593991279602,,,,,,6.38e-05,3975.0,4084.0,0.270453008789723,,,1.80425000190735,32.1679,,,
China,1986,,,2.78308010101318,,,,,,0.0,3494.0,4515.0,0.391951920564411,,,2.06154990196228,34.16858,,,
China,1985,,,2.19702005386352,,,,,,0.0,4065.0,4493.0,0.425531914893617,,,2.00814008712769,34.1342,,,
China,1984,,,1.91119003295898,,,,,,0.0,,,1.13838491639986,,,1.99863004684448,33.95889,,,
China,1983,,,,,,,,,0.0,,,0.887454618797902,,,2.07692003250122,32.53898,,,
China,1982,,,,,,,,,0.0,,,1.07484076433121,,,2.03448009490967,30.53421,,,
China,1981,,,2.04293990135193,,,,,,0.0,,,,,,1.94880998134613,31.57293,,,
China,1980,,,1.28211998939514,,,,,,0.0,,,,,,1.91190004348755,30.66925,,,
China,1979,,,1.00964999198914,,,,,,0.0,,,,,,2.14805006980896,26.3851,,,
China,1978,,,0.692219972610474,,,,,,0.0,,,,,,1.95884001255035,20.77436,,,
China,1977,,,0.623939990997314,,,,,,0.0,,,,,,1.74953997135162,16.54942,,,
China,1976,,,0.552359998226166,,,,,,0.0,,,,,,1.81657004356384,16.81709,,,
China,1975,,,0.449310004711151,,,,,,0.0,,,,,,1.70850002765655,15.98305,,,
China,1974,,,0.325690001249313,,,,,,,,,,,,1.76115000247955,15.98394,,,
China,1973,,,0.20354999601841,,,,,,,,,,,,1.65082001686096,15.73626,,,
China,1972,,,,,,,,,,,,,,,1.60476005077362,14.28223,,,
China,1971,,,,,,,,,,,,,,,1.38873994350433,13.92145,,,
China,1970,,,0.127020001411438,,,,,,0.0,,,,,,,,,,
China,1969,,,,,,,,,,,,,,,,,,,
China,1968,,,,,,,,,,,,,,,,,,,
China,1967,,,,,,,,,,,,,,,,,,,
China,1966,,,,,,,,,,,,,,,,,,,
China,1965,,,,,,,,,0.0,,,,,,,,,,
China,1964,,,,,,,,,,,,,,,,,,,
China,1963,,,,,,,,,,,,,,,,,,,
China,1962,,,,,,,,,,,,,,,,,,,
China,1961,,,,,,,,,,,,,,,,,,,
China,1960,,,,,,,,,0.0,,,,,,,,,,
France,2024,,,,,,,88.6538,,,,,7.56867927222552,23.1371073769038,116591262278.0,,,57274.6363971705,77.391,
France,2023,,,70.4536437988281,24.3546212580131,13.455117806973,1.06558989943445,86.8364,48.6688,116.688,,,7.67735659155207,23.6797082010726,115256032667.0,,,52017.9916172468,77.218,
France,2022,2.23312,5181.84576,71.5107269287109,23.5888817236364,12.8964817304402,0.942141901973112,85.3333,48.2502,115.951,,,7.18152368744247,22.9831834447063,106026835558.0,5.32435989379883,,47329.437557888,77.286,
France,2021,2.21808,5058.05374,69.9397888183594,22.9350666621263,12.5321030507337,0.92890367427998,86.0955,47.6442,113.953,13386.0,1373.0,8.18235699481775,21.9247132369801,97729573744.0,5.41742992401123,,39644.0530743928,77.388,
France,2020,2.27464,4883.2219,68.8709411621094,20.9787726562609,11.3593696161229,0.890448758485813,84.7064,46.4712,110.387,12771.0,1542.0,8.54106478081592,23.2288357249977,87513986459.0,5.65872001647949,,36107.8390576723,75.651,
France,2019,2.19179,4773.97249,67.7331314086914,19.7000007629394,10.5100002288818,0.850000023841858,83.3397,45.2765,109.601,14103.0,1766.0,7.04616007879945,26.9265976407414,120602174129.0,5.36638021469116,,29255.7243091748,76.637,
France,2018,2.19666,4670.53241,67.5435180664062,19.2230115180777,10.2605876280219,0.832355666804812,82.0432,44.4142,107.482,14303.0,1919.0,7.31391010596128,25.9347849255776,117655413928.0,5.42540979385376,,20362.9338827691,76.548,
France,2017,2.19888,4546.76212,65.8022308349609,18.0,9.5,0.839999973773956,80.5025,43.6243,105.718,14415.0,1832.0,6.76063874125322,26.0180218998669,108867689621.0,5.46482992172241,,14819.4761291503,76.602,
France,2016,2.22238,4392.04699,64.7276763916016,17.3999996185303,9.10000038146973,0.800000011920929,79.2698,42.5278,103.817,14206.0,2012.0,7.0088538784033,27.9331801598168,108836528649.0,,,6688.01787132278,77.289,
France,2015,2.22702,4310.70957,62.7859306335449,17.6599998474121,8.77000045776367,0.759999990463257,78.006,41.3871,102.718,14306.0,1994.0,6.79391396716255,28.2116908505326,109712844802.0,,,1898.47153356589,77.515,
France,2014,2.27592,4210.03605,61.5104789733887,16.3899993896484,8.35000038146973,0.709999978542328,83.7511,40.1422,101.132,14500.0,2033.0,6.64748813576126,27.4702736686884,120716756777.0,,,1188.96912080874,77.381,
France,2013,2.23703,4133.56261,59.8487586975098,,,,81.9198,38.7341,98.3479,14690.0,2196.0,6.32715341306054,27.1817177565412,118820854036.0,,,821.359069250837,76.164,
France,2012,2.22707,4052.17043,57.9090118408203,,,,81.44,37.4346,97.1925,14540.0,2092.0,6.76780005936378,26.6906319566323,114180529053.0,,,622.48640329988,76.181,
France,2011,2.19161,3920.65709,55.6257286071777,,,,77.82,35.6938,93.8529,14655.0,2099.0,6.39116570149661,25.1193585926138,112010151896.0,,,401.418225021017,75.344,
France,2010,2.17857,3849.5934,54.881721496582,,,,77.28,33.6454,91.1186,14748.0,1832.0,6.99246817444756,26.3233800074675,105353015788.0,,,278.057105310965,75.286,
France,2009,2.21207,3722.99987,52.7731018066406,,,,71.58,31.458,91.7782,14100.0,1593.0,7.70787955610389,24.123557619924,88002941740.0,,,,74.997,
France,2008,2.06117,3636.48425,52.4755210876465,,,,70.68,28.4007,92.3412,14658.0,1761.0,7.13402319452049,21.4617976728355,98888839634.0,,,,75.725,
France,2007,2.02451,3563.56539,52.9475402832031,,,,66.09,25.2273,88.6688,14722.0,2387.0,8.42688297365172,20.1428349498868,85956078923.0,,,,74.585,
France,2006,2.05094,3405.181,53.8754196166992,,,,46.87,20.4851,83.2589,14529.0,2720.0,9.76102277069856,,,,,,73.998,
France,2005,2.05151,3297.84746,53.8823318481445,,,,42.87,15.3688,78.0332,14327.0,2948.0,9.70167850776394,,,,,,74.413,
France,2004,2.09461,3320.66694,53.4576301574707,,,,39.15,10.725,72.8138,14230.0,3060.0,8.83270372811751,,,,,,78.357,
France,2003,2.11994,3184.63585,52.3169784545898,,,,36.14,5.87638,68.6553,13511.0,3339.0,9.59085234320473,,,,,,78.597,
France,2002,2.17449,3100.95366,50.2516899108887,,,,30.18,2.74337,63.96,13519.0,3389.0,10.3103770982622,,,,,,78.284,
France,2001,2.13804,2971.39049,50.4472885131836,,,,26.3259,1.00409,61.76,13499.0,3605.0,8.36847520237523,,,,,,77.869,
France,2000,2.09346,2902.95091,50.6030807495117,,,,14.3079,0.330512,48.8409,13870.0,3483.0,7.16612224197494,,,,,,77.709,
France,1999,2.10767,2723.93306,,,,,9.13,0.094255217,36.73125788,13592.0,3282.0,8.64833363777961,,,,17.58146,,77.524,
France,1998,2.09476,2654.5869,,,,,6.32,0.023181681,19.30102205,13251.0,3544.0,1.83848625027244,,,5.71148014068604,,,77.393,
France,1997,2.14699,2646.3481,,,,,4.26,,10.05768321,13252.0,3637.0,1.40299292984396,,,,,,79.269,
France,1996,2.2228,2656.27136,,,,,2.58,,4.273801074,12916.0,3484.0,1.19882352883845,,,5.7811598777771,18.14906,,79.557,
France,1995,,,,,,,1.64,,2.268352438,12419.0,3477.0,0.903477612484635,,,5.81204986572266,17.65063,,77.758,
France,1994,,,,,,,0.9,,1.542895357,12519.0,3520.0,0.752555311506649,,,5.65956020355225,16.76909,,77.638,
France,1993,,,,,,,0.591,,1.002563689,12638.0,3402.0,0.655561213350603,,,5.46441984176636,16.96847,,78.355,
France,1992,,,,,,,0.279,,0.767972059,12539.0,3547.0,0.553513115353474,,,4.77560997009277,15.84919,,,
France,1991,,,,,,,0.14,,0.662015306,12597.0,3908.0,0.3806898287283,,,4.8809700012207,15.1721,,,
France,1990,,,,,,,0.0528,,0.502012864,12378.0,4260.0,0.364447319114194,,,4.5553297996521,15.28171,,,
France,1989,,,,,,,,,0.317607558,12592.0,4986.0,0.294106644014976,,,4.49351978302002,14.84783,,,
France,1988,,,,,,,,,0.175870865,12437.0,5194.0,0.350271369809556,,,4.58078002929688,14.37796,,,
France,1987,,,,,,,,,0.070512065,12695.0,5875.0,,,,4.66263008117676,14.20306,,,
France,1986,,,,,,,,,0.016353137,12155.0,6369.0,,,,4.74809980392456,14.332,,,
France,1985,,,,,,,,,0.0,12050.0,7543.0,,,,4.90402984619141,14.09092,,,
France,1984,,,,,,,,,0.0,11333.0,8867.0,,,,4.91992998123169,13.62549,,,
France,1983,,,,,,,,,0.0,11147.0,10029.0,,,,4.9094500541687,13.35365,,,
France,1982,,,,,,,,,0.0,10681.0,11561.0,,,,4.90848016738892,13.54187,,,
France,1981,,,,,,,,,0.0,10945.0,13723.0,,,,4.78016996383667,13.75122,,,
France,1980,,,,,,,,,0.0,11000.0,16989.0,,,,4.34960985183716,13.44494,,,
France,1979,,,,,,,,,0.0,,,,,,4.32152986526489,13.81777,,,
France,1978,,,,,,,,,0.0,,,,,,4.38827991485596,13.89264,,,
France,1977,,,,,,,,,0.0,,,,,,4.47384023666382,13.87871,,,
France,1976,,,,,,,,,0.0,,,,,,4.47070980072021,14.10462,,,
France,1975,,,,,,,,,0.0,,,,,,4.47882986068726,14.3418,,,
France,1974,,,,,,,,,,,,,,,4.27874994277954,15.01425,,,
France,1973,,,,,,,,,,,,,,,3.25571990013123,16.99268,,,
France,1972,,,,,,,,,,,,,,,3.39037990570068,17.3819,,,
France,1971,,,,,,,,,,,,,,,3.20760011672974,18.24548,,,
France,1970,,,,,,,,,0.0,,,,,,3.46544003486633,18.36914,,,
France,1969,,,,,,,,,,,,,,,,,,,
France,1968,,,,,,,,,,,,,,,,,,,
France,1967,,,,,,,,,,,,,,,,,,,
France,1966,,,,,,,,,,,,,,,,,,,
France,1965,,,,,,,,,0.0,,,,,,,,,,
France,1964,,,,,,,,,,,,,,,,,,,
France,1963,,,,,,,,,,,,,,,,,,,
France,1962,,,,,,,,,,,,,,,,,,,
France,1961,,,,,,,,,,,,,,,,,,,
France,1960,,,,,,,,,0.0,,,,,,,,,,
Germany,2024,,,,,,,93.5,,,,,11.4757887460968,17.9772990379432,246637611895.0,,,152113.844011812,72.832,
Germany,2023,,,78.5947494506836,30.5294541601323,12.6977102854952,1.85658852830127,92.4764,45.3805,124.663,,,11.0217257925332,17.7818374796623,260043024452.0,,,139972.802327193,72.949,
Germany,2022,3.13236,5787.44181,77.3656997680664,29.575744126838,12.4182338373118,1.80303695856779,91.6298,44.6186,124.158,,,9.81289802513948,17.4981505573659,245975238590.0,5.23916006088257,,126884.076646738,72.707,
Germany,2021,3.12882,5520.57631,75.6655426025391,29.4035109811968,12.5420203896269,1.73639453907656,91.4306,44.0643,127.125,39822.0,18747.0,10.3615375526681,15.3851048227765,211942359477.0,5.36734008789062,,113297.576359309,72.976,
Germany,2020,3.13136,5390.05249,72.3894195556641,28.3500003814697,12.4799995422363,1.50999999046326,89.8129,43.3049,128.425,42260.0,19845.0,10.7433868234345,15.5031959869375,182393711293.0,5.51600980758667,,97517.56929049,72.689,
Germany,2019,3.16701,5398.63462,72.705078125,27.1979771669262,12.3147693025028,1.38814976678443,88.1345,42.1156,128.292,46632.0,20802.0,9.13282868187376,16.3869405629417,208177564289.0,5.02757978439331,,77970.0331298817,74.372,
Germany,2018,3.11011,5209.2143,69.1634292602539,25.1499996185303,11.1999998092651,1.25,87.0371,40.9651,128.946,46617.0,21281.0,9.23094018156373,15.7474335584013,209762237943.0,4.88400983810425,,56406.6207107244,73.74,
Germany,2017,3.0471,5058.39528,68.4692306518555,26.0311390227061,11.6973858379226,1.32456503592525,84.3942,39.9888,132.003,47785.0,19927.0,8.97652232797755,15.850578794452,195727088512.0,4.77830982208252,,34181.2784354313,74.072,
Germany,2016,2.94039,4839.84645,67.9464111328125,25.5799999237061,11.5100002288818,1.32000005245209,84.1652,38.4991,125.024,48480.0,19419.0,8.54119625243339,18.0827014214761,205114885619.0,4.74631023406982,25.98579,11624.9602042748,74.031,
Germany,2015,2.93379,4755.29531,68.23291015625,24.7399997711182,11.0299997329712,1.28999996185303,87.5898,37.4127,117.401,47384.0,19509.0,7.90651226650454,17.8243752766447,199465124309.0,4.76157999038696,25.94906,4297.92588653237,73.63,
Germany,2014,2.87784,4336.01915,65.1844787597656,24.1800003051758,10.75,1.25999999046326,86.1937,36.3409,122.309,48154.0,17811.0,6.89297104582556,17.2097149731509,215660926664.0,4.82582998275757,26.58781,3352.78609576143,74.058,
Germany,2013,2.83599,4380.38742,60.8984489440918,,,,84.17,35.3423,123.435,47353.0,15814.0,8.06193778631092,17.2979906043683,209304933980.0,4.83911991119385,26.48312,2601.18328828955,74.112,
Germany,2012,2.88166,4355.567,,,,,82.35,34.5501,114.192,46620.0,14720.0,9.65342295806251,17.2272861923698,202541990943.0,4.83153009414673,26.78422,2194.9044898179,74.272,
Germany,2011,2.80555,4191.51741,,,,,81.27,33.7099,112.419,46986.0,12458.0,9.03221017911433,16.3417186285114,202328061352.0,4.88583993911743,28.12803,1471.90314571602,74.251,
Germany,2010,2.73024,4056.42386,,,,,82.0,32.3663,109.364,47047.0,12198.0,8.86469684618066,16.8896855327149,179620897366.0,4.99525022506714,27.16245,1049.31794333683,73.802,
Germany,2009,2.74266,3916.78276,,,,,79.0,30.8451,129.733,47859.0,11724.0,8.17579180415505,16.7942910292468,158722553273.0,,26.44158,,73.752,
Germany,2008,2.61513,3726.67445,,,,,78.0,27.9989,130.097,49240.0,13177.0,7.87285008013488,15.076241600562,183092780221.0,4.47337007522583,26.65244,,72.966,
Germany,2007,2.46048,3573.67338,,,,,75.16,24.2949,118.37,47853.0,13139.0,7.61049557744089,15.4623925898068,169568705000.0,,25.36404,,74.811,
Germany,2006,2.47232,3411.78697,,,,,72.16,18.3315,104.835,48012.0,12573.0,7.25583175814953,,,,25.18597,,74.877,
Germany,2005,2.44193,3315.75626,,,,,68.71,13.1471,96.6169,48367.0,11855.0,6.80066098981634,,,,,,74.472,
Germany,2004,2.43519,3290.96185,,,,,64.73,8.52694,86.8798,48448.0,10786.0,7.02781466985971,,,,,,74.757,
Germany,2003,2.47461,3275.18656,,,,,55.9,5.44381,78.917,47818.0,10663.0,7.26866575257214,,,,,,75.38,
Germany,2002,2.43622,3240.75467,,,,,48.82,3.90528,72.0473,47598.0,10589.0,7.08534125502933,,,,,,75.429,
Germany,2001,2.40437,3230.26868,,,,,31.6509,2.56304,68.5016,49989.0,10486.0,7.37108534419255,,,,,,75.945,
Germany,2000,2.40982,3154.48437,,,,,30.2163,0.323972,58.9286,51736.0,10406.0,6.21146581301655,,,,,,76.435,
Germany,1999,2.34779,3120.9,,,,,20.8,,28.74800454,50029.0,9502.0,5.55205198273745,,,,,,76.749,
Germany,1998,2.21613,2884.30523,,,,,9.88,,17.06605986,46523.0,10843.0,5.50932609700404,,,4.44445991516113,23.25234,,,
Germany,1997,2.18832,2862.8306,,,,,6.71,,10.1625708,44438.0,11291.0,5.02517644964897,,,,,,76.494,
Germany,1996,2.14461,2801.62099,,,,,3.05,,6.779755664,42322.0,9511.0,4.36467661571246,,,4.47798013687134,23.35106,,77.503,
Germany,1995,,,,,,,1.84,,4.59177788,38103.0,8055.0,4.13372299710979,,,4.41835021972656,23.04705,,77.838,
Germany,1994,,,,,,,0.923,,3.079172276,36715.0,7261.0,2.08881176312943,,,4.31664991378784,22.20447,,77.678,
Germany,1993,,,,,,,0.464,,2.20218591,34752.0,6995.0,1.62566006400309,,,4.39173984527588,22.08193,,78.332,
Germany,1992,,,,,,,0.435,,1.211756918,33919.0,7404.0,3.77222917889345,,,,,,77.848,
Germany,1991,,,,,,,0.25,,0.666964587,32256.0,7784.0,2.23947172373568,,,,,,,
Germany,1990,,,,,,,0.126,,0.343465197,30724.0,8605.0,0.494911303598312,,,,,,,
Germany,1989,,,,,,,,,0.207331963,31171.0,9168.0,0.555921763861767,,,,,,,
Germany,1988,,,,,,,,,0.125848762,31912.0,9332.0,0.545805637219303,,,,,,,
Germany,1987,,,,,,,,,0.06242341,31597.0,9933.0,0.353816486428546,,,,,,,
Germany,1986,,,,,,,,,0.030589939,32169.0,10945.0,0.289812791680457,,,,,,,
Germany,1985,,,,,,,,,0.001391057,32202.0,12180.0,,,,,,,,
Germany,1984,,,,,,,,,0.0,31984.0,13225.0,,,,,,,,
Germany,1983,,,,,,,,,0.0,31658.0,15445.0,,,,,,,,
Germany,1982,,,,,,,,,0.0,30668.0,17158.0,,,,,,,,
Germany,1981,,,,,,,,,0.0,29841.0,16738.0,,,,,,,,
Germany,1980,,,,,,,,,0.0,28683.0,19900.0,,,,,,,,
Germany,1979,,,,,,,,,0.0,,,,,,,,,,
Germany,1978,,,,,,,,,0.0,,,,,,,,,,
Germany,1977,,,,,,,,,0.0,,,,,,,,,,
Germany,1976,,,,,,,,,0.0,,,,,,,,,,
Germany,1975,,,,,,,,,0.0,,,,,,,,,,
Germany,1974,,,,,,,,,,,,,,,,,,,
Germany,1973,,,,,,,,,,,,,,,,,,,
Germany,1972,,,,,,,,,,,,,,,,,,,
Germany,1971,,,,,,,,,,,,,,,,,,,
Germany,1970,,,,,,,,,0.0,,,,,,,,,,
Germany,1969,,,,,,,,,,,,,,,,,,,
Germany,1968,,,,,,,,,,,,,,,,,,,
Germany,1967,,,,,,,,,,,,,,,,,,,
Germany,1966,,,,,,,,,,,,,,,,,,,
Germany,1965,,,,,,,,,0.0,,,,,,,,,,
Germany,1964,,,,,,,,,,,,,,,,,,,
Germany,1963,,,,,,,,,,,,,,,,,,,
Germany,1962,,,,,,,,,,,,,,,,,,,
Germany,1961,,,,,,,,,,,,,,,,,,,
Germany,1960,,,,,,,,,0.0,,,,,,,,,,
India,2024,,,34.4184659748952,,,,,,,,,47.4142244922242,18.5723946411049,54140883629.0,,,1212.44166069372,65.309,
India,2023,,,34.0091701770575,14.8800001144409,3.10999989509583,0.0799999982118607,,2.74535,80.5632,,,48.1688192762241,14.9343472986716,40942449667.0,,,966.082590066802,65.269,
India,2022,,,32.4539938196142,12.1400003433228,3.16000008583069,,55.9,2.35232,80.1818,,,46.8040630285381,12.6822794807287,35784973166.0,4.09865814174589,,729.692060044831,63.462,
India,2021,,,31.3171017843903,,,,,1.9488,81.604,26267.0,35306.0,49.6661074598785,10.2125596625118,27447578528.0,4.62949991226196,,528.190455501333,61.889,
India,2020,0.64558,259.26325,29.5619706114824,12.2200002670288,3.47000002861023,,43.4054,1.63623,82.254,23141.0,33630.0,48.9656874345531,11.0325638466576,21583797567.0,4.29335021972656,,472.187112968085,61.103,
India,2019,0.65942,,28.7996949674505,12.0160398483276,,,29.5235,1.37913,82.8981,19454.0,34173.0,43.95814821332,10.2237396907979,23471089532.0,3.89732003211975,,382.862055209059,61.446,
India,2018,0.66001,250.00794,28.3540737878038,10.7799997329712,2.39000010490417,,20.0813,1.32178,85.5501,16289.0,33766.0,41.3042841946734,9.04145168835151,20197216794.0,4.36373996734619,,184.79636635197,60.646,
India,2017,0.66603,,27.7311089156625,,,,18.2,1.31327,85.9704,14961.0,31621.0,42.3751022077091,7.36208114076572,15104651310.0,4.30544996261597,,121.20038474398,,
India,2016,0.66984,,27.0875990028504,10.1431703567505,,,16.5,1.38795,83.9178,13199.0,31858.0,47.300749949433,7.66325704378624,14266747536.0,4.25407981872559,,37.7418916475687,,
India,2015,0.6931,214.34935,27.0646411471569,,,,14.9,1.27579,75.3793,12579.0,33079.0,48.8670014249962,8.02476917234515,14588767825.0,4.11457014083862,,11.5306607845422,,
India,2014,0.70159,,25.7536113063693,,,,13.5,1.2002,71.9367,12040.0,30814.0,47.5793301671389,9.22122174793918,18334404544.0,3.89878023242693,,8.33741535327806,,
India,2013,0.70642,,24.1638328511587,,,,12.3,1.15198,68.3967,10669.0,32362.0,48.4413845617867,8.87350364988968,17945576995.0,3.84467005729675,28.52687,6.08104687623525,,
India,2012,0.74399,,24.7312097156735,,,,11.1,1.1717,67.6264,9553.0,34402.0,46.1653897891749,7.70439427946636,13881886778.0,3.8675000667572,32.1669,4.46086943243043,64.064,
India,2011,0.75502,,23.2662700315422,9.14000034332275,,,10.07,1.05859,70.8726,8841.0,33450.0,44.8192884527363,7.87117262454535,14508694707.0,3.79618000984192,34.68074,2.25336486642335,,
India,2010,0.78849,156.19059,18.5417674124116,,,,7.5,0.883809,60.4906,8853.0,30909.0,46.335545842622,7.73016032755592,10668887032.0,3.377690076828,36.07652,1.65744314967584,63.087,
India,2009,0.83314,,16.6775093078613,,,,5.12,0.632032,42.8461,7262.0,27025.0,52.0883106344788,9.56909614274288,11219528624.0,3.27824997901917,36.45114,,,
India,2008,0.85876,,15.6485204696655,,,,4.38,0.437111,28.7177,6425.0,30387.0,47.4761893339428,,,,,,,
India,2007,0.80507,,13.6564798355103,,,,3.95,0.262876,19.6208,6296.0,28922.0,44.6728352683608,,,,,,,
India,2006,0.80473,,11.9628095626831,,,,2.8055,0.196099,14.1575,5686.0,23242.0,43.4601454460561,,,3.14284992218018,20.28408,,,
India,2005,0.82411,135.14649,11.1277303695679,,,,2.38807,0.116743,7.80652,4721.0,19661.0,43.423351611153,,,3.18875002861023,19.55496,,68.912,
India,2004,0.7569,,11.3926801681519,,,,1.97614,0.0206868,4.59687,4014.0,13452.0,44.3361553759665,,,3.35254001617432,20.01232,,,
India,2003,0.71929,,11.0576400756836,,,,1.68649,0.0125682,3.01665,3425.0,9188.0,51.7126486257783,,,3.61340999603271,20.08727,,,
India,2002,0.72567,,10.5586500167847,,,,1.53788,0.00750811,1.1844,2693.0,8772.0,47.6380440122007,,,,,,,
India,2001,0.73591,,10.0273504257202,,,,0.660146,0.00463866,0.606736,2379.0,8213.0,45.9088228860764,,,,,,,
India,2000,0.75699,110.62568,9.93826007843018,,,,0.527532,,0.338124,2206.0,6332.0,30.1274603962445,,,4.32479000091553,20.29511,,69.206,
India,1999,0.72413,,,,,,0.273,,0.181096675,2206.0,2620.0,,,,4.41539001464844,17.54497,,,
India,1998,0.70379,116.49341,,,,,0.139,,0.11703148,2247.0,6707.0,,,,3.57256007194519,,,,
India,1997,0.68669,,,,,,0.0708,,0.08797845,1926.0,8229.0,,,,3.3613600730896,,,,
India,1996,0.63905,153.94902,,,,,0.0463,,0.033354344,1661.0,6901.0,,,,,,,,
India,1995,,,,,,,0.0262,,0.007952054,1545.0,5021.0,,,,,,,,
India,1994,,,,,,,0.00107,,0.0,1588.0,3212.0,,,,,,,72.268,
India,1993,,,,,,,0.000218,,0.0,1209.0,2511.0,,,,,,,,
India,1992,,,,,,,0.000111,,0.0,1248.0,2176.0,,,,,,,,
India,1991,,,,,,,,,0.0,1267.0,2328.0,,,,,,,,
India,1990,,,,,,,0.0,,0.0,1147.0,2673.0,,,,,,,,
India,1989,,,,,,,,,0.0,1048.0,2600.0,,,,,,,,
India,1988,,,,,,,,,0.0,1033.0,2504.0,,,,,,,,
India,1987,,,,,,,,,0.0,988.0,2520.0,,,,,,,,
India,1986,,,,,,,,,0.0,999.0,2497.0,,,,,,,,
India,1985,,,,,,,,,0.0,982.0,2493.0,,,,,,,,
India,1984,,,,,,,,,0.0,1003.0,2291.0,,,,,,,,
India,1983,,,,,,,,,0.0,,,,,,,,,,
India,1982,,,,,,,,,0.0,1128.0,1948.0,,,,,,,,
India,1981,,,,,,,,,0.0,1067.0,1834.0,,,,,,,,
India,1980,,,,,,,,,0.0,1207.0,1817.0,,,,,,,,
India,1979,,,,,,,,,0.0,,,,,,,,,,
India,1978,,,,,,,,,0.0,,,,,,,,,,
India,1977,,,,,,,,,0.0,,,,,,,,,,
India,1976,,,,,,,,,0.0,,,,,,,,,,
India,1975,,,,,,,,,0.0,,,,,,,,,,
India,1974,,,,,,,,,,,,,,,,,,,
India,1973,,,,,,,,,,,,,,,,,,,
India,1972,,,,,,,,,,,,,,,,,,,
India,1971,,,,,,,,,,,,,,,,,,,
India,1970,,,,,,,,,0.0,,,,,,,,,,
India,1969,,,,,,,,,,,,,,,,,,,
India,1968,,,,,,,,,,,,,,,,,,,
India,1967,,,,,,,,,,,,,,,,,,,
India,1966,,,,,,,,,,,,,,,,,,,
India,1965,,,,,,,,,0.0,,,,,,,,,,
India,1964,,,,,,,,,,,,,,,,,,,
India,1963,,,,,,,,,,,,,,,,,,,
India,1962,,,,,,,,,,,,,,,,,,,
India,1961,,,,,,,,,,,,,,,,,,,
India,1960,,,,,,,,,0.0,,,,,,,,,,
Japan,2024,,,,,,,,,,,,4.83083371130081,17.5547415163067,102451366263.0,,,32928.7580837326,,
Japan,2023,,,64.8912200927734,,,,86.9815,38.6312,178.432,,,5.63535631404314,17.1028060703212,102601446852.0,,,31701.7121806602,,
Japan,2022,3.40537,5629.79566,64.6288299560547,,,,84.9234,36.8414,168.603,,,6.57426471119376,18.2592615351902,113492876284.0,,,28934.0684777203,,
Japan,2021,3.27677,5589.76698,63.1702690124512,,,,82.9141,35.9392,159.516,222452.0,66748.0,6.1414834752509,18.0039913482614,116695460286.0,3.33563995361328,,25729.8696078749,,
Japan,2020,3.26458,5450.44287,62.1358413696289,25.5400009155273,2.49000000953674,,90.2195,34.8371,154.432,227348.0,61124.0,6.23382531768652,18.6333487896777,102929600738.0,3.30628991127014,,22848.7181314895,78.63,
Japan,2019,3.21824,5376.11987,62.1184997558594,,,,92.7304,33.5459,147.21,245372.0,62597.0,3.55938118314782,17.0303844450023,104081423307.0,3.15533995628357,,18646.9956488435,79.09,
Japan,2018,3.2192,5339.51713,62.2089385986328,,,,88.7464,32.6965,141.729,253630.0,59937.0,2.51864696560355,17.2970528139362,110919852153.0,3.07782006263733,,11644.8573073314,78.33,
Japan,2017,3.16636,5319.83455,62.4629783630371,,,,91.7265,31.8991,135.986,260292.0,58189.0,2.70981928379376,17.5942774665502,106357714667.0,3.13057994842529,,5971.46615001733,78.1,
Japan,2016,3.10666,5232.70894,63.1872291564941,,,,93.1827,31.3036,131.215,260244.0,58137.0,2.19612409842727,17.620423854837,99260695081.0,3.14643001556396,19.79765,2108.1872265416,77.72,
Japan,2015,3.24071,5198.48902,62.4726600646973,,,,91.058,30.542,126.151,258839.0,59882.0,1.99904019843307,18.0454889300336,98394425742.0,3.31221008300781,,1504.27478154175,77.56,
Japan,2014,3.36788,5351.53211,62.7269897460938,,,,89.1068,29.6415,123.822,265959.0,60030.0,1.95285145943789,17.7805347199635,107543978073.0,3.41529989242554,20.76276,1376.66959992457,,
Japan,2013,3.27896,5166.83422,62.8381881713867,,,,88.2194,28.9051,115.787,271731.0,56705.0,1.99846905597079,17.7587589107099,111257955701.0,3.40875005722046,19.9977,1054.73733767508,77.51,
Japan,2012,3.17371,5048.63399,,,,,79.4964,28.2443,110.319,287013.0,55783.0,1.69511538678519,18.2382479591573,129463812214.0,3.41945004463196,,909.613018984714,76.89,
Japan,2011,3.20537,5123.33234,,,,,79.0541,27.8667,103.642,287580.0,55030.0,1.39085389334648,18.392253763449,133397946551.0,3.60527992248535,,679.621068112303,,
Japan,2010,3.10495,5117.18164,,19.9099998474121,,,78.21,26.6035,96.1789,290081.0,54517.0,1.32400959349869,19.1226872782363,130091252319.0,3.59951996803284,,552.900757398298,,
Japan,2009,3.1959,5114.01193,,,,,78.0,25.6358,90.7194,295315.0,53281.0,1.26471443187419,20.4459731275094,103919965322.0,,,,,
Japan,2008,3.29224,5125.12165,,,,,75.4,23.5008,86.1411,330110.0,60892.0,1.13404122224672,18.8248542197178,130519449472.0,3.27241992950439,,,,
Japan,2007,3.29257,5344.2381,,,,,74.3,22.0966,83.8012,333498.0,62793.0,1.2502235980335,20.0653051826321,128611660344.0,3.27934002876282,,,,
Japan,2006,3.22766,5352.83117,,,,,68.6853,20.6558,77.9907,347060.0,61614.0,1.28206563320585,,,3.27667999267578,,,,
Japan,2005,3.13092,5322.47485,,,,,66.9211,18.2163,75.4292,367960.0,59118.0,1.49163891695832,,,3.31493997573852,,,,
Japan,2004,2.98125,5117.27802,,,,,62.3939,15.301,71.5671,368416.0,54665.0,1.53035471695249,,,3.42611002922058,,,,
Japan,2003,2.9932,5113.02549,,,,,48.4353,11.684,67.8735,358184.0,54909.0,2.23195043244946,,,3.46662998199463,,,,
Japan,2002,2.96514,4891.16889,,,,,46.5942,7.37142,63.6299,369458.0,51586.0,2.8518217853706,,,3.40898990631104,,,,
Japan,2001,2.92348,5136.2064,,,,,38.5321,3.01351,58.7923,386767.0,52408.0,3.29514208596488,,,3.40082001686096,,,,
Japan,2000,2.85841,5102.41299,,,,,29.9907,0.672809,52.5746,387364.0,49501.0,3.444391794946,,,3.46011996269226,,,,
Japan,1999,2.84672,5201.03384,,,,,21.4,0.170676696,44.91767666,360180.0,45475.0,3.30581588235963,,,3.37812995910644,,,,
Japan,1998,2.82745,5164.5008,,,,,13.4,0.025334817,37.45403769,359381.0,42551.0,3.99077814969732,,,3.29797005653381,,,,
Japan,1997,2.72177,4959.03285,,,,,9.16,,30.35349093,350807.0,40765.0,3.98425172240419,,,,,,,
Japan,1996,2.64303,4906.38735,,,,,4.37,,21.40087434,340101.0,36514.0,3.80885339585572,,,,,,,
Japan,1995,,,,,,,1.59,,9.337292835,334612.0,34603.0,,,,3.40211009979248,,,,
Japan,1994,,,,,,,0.8,,3.461792124,319938.0,33363.0,,,,3.5693199634552,,,,
Japan,1993,,,,,,,0.401,,1.70810566,332345.0,34141.0,,,,3.36711001396179,,,,
Japan,1992,,,,,,,0.0967,,1.376149484,338019.0,33875.0,,,,,,,,
Japan,1991,,,,,,,0.0404,,1.110714636,335933.0,33463.0,,,,,,,,
Japan,1990,,,,,,,0.0203,,0.701838322,333230.0,34360.0,,,,,,,,
Japan,1989,,,,,,,,,0.397140769,317566.0,33641.0,,,,5.2743501663208,,,,
Japan,1988,,,,,,,,,0.197794266,308908.0,30491.0,,,,5.4528398513794,,,,
Japan,1987,,,,,,,,,0.123312648,311006.0,30089.0,,,,5.48793983459473,,,,
Japan,1986,,,,,,,,,0.078161829,290202.0,29887.0,,,,,,,,
Japan,1985,,,,,,,,,0.051024186,274373.0,28622.0,,,,,,,,
Japan,1984,,,,,,,,,0.033528477,256205.0,28562.0,,,,,,,,
Japan,1983,,,,,,,,,0.022704022,227708.0,24977.0,,,,4.72346019744873,,,,
Japan,1982,,,,,,,,,0.016628303,,,,,,4.93976020812988,,,,
Japan,1981,,,,,,,,,0.011213345,,,,,,4.95682001113892,,,,
Japan,1980,,,,,,,,,0.0,165730.0,25290.0,,,,4.96105003356934,,,,
Japan,1979,,,,,,,,,0.0,,,,,,4.95000982284546,,,,
Japan,1978,,,,,,,,,0.0,,,,,,4.79044008255005,,,,
Japan,1977,,,,,,,,,0.0,,,,,,4.73745012283325,,,,
Japan,1976,,,,,,,,,0.0,,,,,,4.74777984619141,,,,
Japan,1975,,,,,,,,,0.0,,,,,,4.56980991363525,,,,
Japan,1974,,,,,,,,,,,,,,,3.95421004295349,,,,
Japan,1973,,,,,,,,,,,,,,,3.95707988739014,,,,
Japan,1972,,,,,,,,,,,,,,,3.92610001564026,,,,
Japan,1971,,,,,,,,,,,,,,,3.57862997055054,,,,
Japan,1970,,,,,,,,,0.0,,,,,,,,,,
Japan,1969,,,,,,,,,,,,,,,,,,,
Japan,1968,,,,,,,,,,,,,,,,,,,
Japan,1967,,,,,,,,,,,,,,,,,,,
Japan,1966,,,,,,,,,,,,,,,,,,,
Japan,1965,,,,,,,,,0.0,,,,,,,,,,
Japan,1964,,,,,,,,,,,,,,,,,,,
Japan,1963,,,,,,,,,,,,,,,,,,,
Japan,1962,,,,,,,,,,,,,,,,,,,
Japan,1961,,,,,,,,,,,,,,,,,,,
Japan,1960,,,,,,,,,0.0,,,,,,,,,,
"Korea, Rep.",2024,,,,36.4573720087806,5.05879987378346,0.969981787057433,97.8956,,,,,10.4431220120228,36.2582559366674,216203069107.0,,,11902.38307173,74.66,
"Korea, Rep.",2023,,,106.709167480469,35.6374378641889,4.86275543828556,0.909415935317514,97.416,46.5676,162.114,,,10.5881547818461,30.2762799912651,164678173896.0,,,9728.36049939764,74.068,
"Korea, Rep.",2022,5.21081,9434.7613,102.813056945801,34.5359726980996,4.59530533302165,0.80065854703204,97.1686,45.4542,148.684,,,9.75168038117001,36.118278931217,209651189631.0,5.81446981430054,,8821.91477648421,73.532,
"Korea, Rep.",2021,4.90988,9071.4503,100.359878540039,34.2422507220894,4.44423322006294,0.792472052523399,97.5713,44.2526,140.516,186245.0,51753.0,12.2289982784278,36.014503674486,203986068635.0,4.86627006530762,,7334.11978035964,72.177,
"Korea, Rep.",2020,4.79571,8620.009,96.8767700195312,33.8704405825543,4.52584531488881,0.796155018547658,96.5051,43.0541,135.973,180477.0,46282.0,9.10590575217337,35.6022265413283,163074029188.0,4.8017201423645,,5939.01112308707,71.36,
"Korea, Rep.",2019,4.62703,8328.96727,93.9989166259766,33.6001856179016,4.62784037794994,0.829269597903185,96.1576,42.0374,133.08,171603.0,47372.0,7.38567145838409,32.4050621736765,153549664196.0,4.68465995788574,,4538.9511819436,72.296,
"Korea, Rep.",2018,4.51633,7918.46916,93.3281784057617,33.022081532099,4.63531435967873,0.824911382666141,96.0229,41.219,128.495,162561.0,47431.0,6.37563598659304,36.3912233579129,192788494176.0,4.45807981491089,,2065.98585194961,72.237,
"Korea, Rep.",2017,4.29206,7453.21918,93.7230224609375,32.1544824650371,4.5047338518226,0.755657477738087,95.0694,41.1681,123.642,159084.0,45691.0,5.1052771810442,32.546316460744,166656272251.0,4.32823991775513,,1198.94292873955,72.299,
"Korea, Rep.",2016,3.98704,7057.16003,93.6577224731445,31.7693627138952,4.4247783769481,0.761667391970118,92.843,40.0712,119.49,163424.0,45406.0,3.92251376713839,30.5250266717443,135906055229.0,4.33309984207153,20.44728,720.999297841807,72.108,
"Korea, Rep.",2015,3.9782,7020.43916,93.9676513671875,28.6800003051758,4.44999980926514,0.769999980926514,89.8963,39.276,115.595,167275.0,46419.0,3.5916413158753,31.2119270912605,147046540245.0,4.45423984527588,,557.718897561532,71.942,
"Korea, Rep.",2014,4.07786,6867.33385,94.4421691894531,30.086553387602,4.18305388694136,0.689966849338583,87.5568,37.9883,113.359,164073.0,46219.0,2.67545886009492,30.0608682657817,149062381047.0,,,406.608048817559,71.27,
"Korea, Rep.",2013,3.95124,6457.88851,96.3375015258789,28.7843093426531,3.95809497865479,0.636968735741445,84.77,37.4218,109.206,159978.0,44611.0,2.08799100307576,29.8181999078998,143485221079.0,,,337.108331923923,70.802,
"Korea, Rep.",2012,3.8504,6393.34374,98.286979675293,27.8424559265131,3.83147353172897,0.587142907739994,84.07,36.8,108.115,148136.0,40779.0,1.47167334242827,28.2220757644767,130675945808.0,,,268.327478966921,70.598,
"Korea, Rep.",2011,3.59199,5908.82443,100.819679260254,27.3989256966914,3.70801405302299,0.529659640197493,83.7591,36.3533,106.878,138034.0,40890.0,1.45616648465046,28.2133210437189,133617297921.0,,,208.524250270913,70.172,
"Korea, Rep.",2010,3.31578,5429.43919,101.673286437988,24.3600006103516,3.53999996185303,0.579999983310699,83.7,35.2563,104.097,131805.0,38296.0,1.2432985688745,32.1343974843399,132322493748.0,,,175.323492831432,69.831,
"Korea, Rep.",2009,3.14669,5037.92837,102.658447265625,26.5173274517571,3.61229019194611,0.446114165716362,81.6,33.676,98.759,127316.0,36207.0,1.21696192375929,32.1484365401841,103766364470.0,,,,69.4,
"Korea, Rep.",2008,2.98887,4892.49313,103.136177062988,25.6736689761693,3.52101431750044,,81.0,32.0018,94.3141,127114.0,43518.0,1.03937156627353,30.4501393108657,111219694589.0,,,,69.752,
"Korea, Rep.",2007,2.87258,4614.74679,102.949272155762,24.7681593976441,3.1326645470812,,78.8,30.5325,92.094,128701.0,43768.0,1.2590144651534,32.4282584168837,107199622808.0,,,,69.859,
"Korea, Rep.",2006,2.71934,4173.2456,99.9493103027344,23.920503385595,3.07977890058701,,78.1,29.2516,83.7326,125476.0,40713.0,1.27148670455343,,,,,,69.778,
"Korea, Rep.",2005,2.5229,3763.23464,95.3700103759766,23.0015011210082,2.98840470658274,,73.5,25.4761,80.1275,122188.0,38733.0,0.583524774574229,,,,,,69.522,
"Korea, Rep.",2004,2.44214,3281.04385,89.8009033203125,22.326437217769,2.94356510870181,,72.7,24.9941,76.705,105250.0,34865.0,0.500832512598102,,,,,,69.411,
"Korea, Rep.",2003,2.27722,3189.96825,84.4563903808594,21.9830368913538,2.76019123810516,,65.5,23.5267,70.6984,90313.0,28338.0,0.541938731281721,,,,,,67.972,
"Korea, Rep.",2002,2.20774,3007.81714,80.7160491943359,,,,59.4,21.9993,68.3786,76570.0,29566.0,0.621150046255855,,,,,,66.026,
"Korea, Rep.",2001,2.27865,2906.71111,77.3433532714844,,,,56.6,16.6187,61.742,73714.0,30898.0,0.778513546005732,,,,,,65.868,
"Korea, Rep.",2000,2.12519,2324.08478,74.6898574829102,,,,44.7,8.27513,57.3408,72831.0,29179.0,0.790013637871509,,,,,,65.702,
"Korea, Rep.",1999,2.01567,2161.01827,,,,,23.6,0.59758673,50.39230494,55970.0,24672.0,0.934579439252336,,,3.3692901134491,13.53838,,,
"Korea, Rep.",1998,2.11026,2007.82828,,,,,6.78,0.030270101,30.31034269,50596.0,24637.0,1.71305038898165,,,3.36813998222351,10.70037,,,
"Korea, Rep.",1997,2.2483,2241.82853,,,,,3.6,,14.96611806,67359.0,25325.0,1.50635671206501,,,,,,,
"Korea, Rep.",1996,2.21616,2186.08907,,,,,1.62,,6.966660745,68405.0,21921.0,1.69281783886393,,,,,,,
"Korea, Rep.",1995,,,,,,,0.82,,3.615707017,59228.0,19271.0,1.50708711708687,,,2.93543004989624,8.0163,,,
"Korea, Rep.",1994,,,,,,,0.311,,2.126074209,28554.0,17158.0,1.79726695678687,,,3.01831007003784,7.90566,,,
"Korea, Rep.",1993,,,,,,,0.25,,1.049975406,21449.0,15044.0,1.77570690892044,,,3.69697999954224,8.33947,,,
"Korea, Rep.",1992,,,,,,,0.0984,,0.608287335,15951.0,15122.0,2.10664016377428,,,3.57788991928101,8.24123,,,
"Korea, Rep.",1991,,,,,,,0.0461,,0.373382025,13253.0,14880.0,2.08623584467545,,,3.48924994468689,8.27943,,,
"Korea, Rep.",1990,,,,,,,0.0233,,0.181334835,9082.0,16738.0,2.39895480068939,,,3.03873991966248,9.72375,,,
"Korea, Rep.",1989,,,,,,,,,0.09116426,7020.0,16295.0,1.49673541089144,,,3.06262993812561,10.15708,,,
"Korea, Rep.",1988,,,,,,,,,0.04734527,5696.0,14355.0,3.24639170842434,,,2.74737000465393,9.74798,,,
"Korea, Rep.",1987,,,,,,,,,0.024183325,4871.0,12186.0,1.98373755782981,,,3.37423992156982,10.59816,,,
"Korea, Rep.",1986,,,,,,,,,0.01695819,3640.0,9115.0,2.12506640832526,,,3.63594007492065,10.72564,,,
"Korea, Rep.",1985,,,,,,,,,,2702.0,7883.0,0.664055276297429,,,3.98644995689392,11.54272,,,
"Korea, Rep.",1984,,,,,,,,,,1997.0,6636.0,0.47035470786226,,,4.00532007217407,12.78049,,,
"Korea, Rep.",1983,,,,,,,,,0.0,1599.0,4795.0,0.735915595581592,,,4.31538009643555,11.83113,,,
"Korea, Rep.",1982,,,,,,,,,0.0,1556.0,4368.0,0.433467601432813,,,6.32966995239258,28.60496,,,
"Korea, Rep.",1981,,,,,,,,,0.0,1319.0,3984.0,0.383908382541929,,,2.89862990379333,10.20958,,,
"Korea, Rep.",1980,,,,,,,,,0.0,1241.0,3829.0,0.405873224304644,,,3.45873999595642,11.39619,,,
"Korea, Rep.",1979,,,,,,,,,0.0,,,0.273224043715847,,,3.01883006095886,12.02397,,,
"Korea, Rep.",1978,,,,,,,,,0.0,,,0.197092880019709,,,,,,,
"Korea, Rep.",1977,,,,,,,,,0.0,,,0.14367816091954,,,2.42641997337341,8.14067,,,
"Korea, Rep.",1976,,,,,,,,,0.0,,,0.130975769482646,,,2.75457000732422,11.05216,,,
"Korea, Rep.",1975,,,,,,,,,0.0,,,,,,2.08925008773804,10.69538,,,
"Korea, Rep.",1974,,,,,,,,,,,,,,,,,,,
"Korea, Rep.",1973,,,,,,,,,,,,,,,2.68021988868713,8.7577,,,
"Korea, Rep.",1972,,,,,,,,,,,,,,,3.22075009346008,8.19559,,,
"Korea, Rep.",1971,,,,,,,,,,,,,,,3.73918008804321,8.27908,,,
"Korea, Rep.",1970,,,,,,,,,0.0,,,,,,3.41404008865356,8.22921,,,
"Korea, Rep.",1969,,,,,,,,,,,,,,,,,,,
"Korea, Rep.",1968,,,,,,,,,,,,,,,,,,,
"Korea, Rep.",1967,,,,,,,,,,,,,,,,,,,
"Korea, Rep.",1966,,,,,,,,,,,,,,,,,,,
"Korea, Rep.",1965,,,,,,,,,0.0,,,,,,,,,,
"Korea, Rep.",1964,,,,,,,,,,,,,,,,,,,
"Korea, Rep.",1963,,,,,,,,,,,,,,,,,,,
"Korea, Rep.",1962,,,,,,,,,,,,,,,,,,,
"Korea, Rep.",1961,,,,,,,,,,,,,,,,,,,
"Korea, Rep.",1960,,,,,,,,,0.0,,,,,,,,,,
United Arab Emirates,2024,,,63.7384451086316,52.6599998474121,13.3599996566772,0.730000019073486,100.0,,,,,4.58026730740353,,,,,4192.27408432243,,
United Arab Emirates,2023,,,61.3456114422447,52.7200012207031,12.7799997329712,1.0,100.0,37.0968,199.424,,,4.8744939271255,8.96029397394575,3183641981.0,,,2119.66117852284,77.893,
United Arab Emirates,2022,,,60.4188226013954,51.0699996948242,11.4799995422363,0.829999983310699,100.0,36.8486,195.625,,,,9.2877602243891,3214235330.0,,,1626.60420961755,77.87,
United Arab Emirates,2021,1.49469,2606.78477,56.4520334436146,47.1800003051758,10.0100002288818,0.879999995231628,100.0,36.5005,186.301,69.0,2354.0,,8.95796265725262,2904973069.0,3.89403009414673,,2580.22013645319,78.44,
United Arab Emirates,2020,1.48831,2581.47405,54.9746998074699,,,,100.0,34.3453,194.468,39.0,1869.0,,5.37704492826553,1202292537.0,3.98417997360229,,1478.66650469874,,
United Arab Emirates,2019,1.31065,2476.63113,53.8814655213653,46.6300010681152,10.8000001907349,0.790000021457672,99.15,32.4803,209.033,55.0,1843.0,,2.99865577867219,670459816.0,3.86020994186401,,1977.81338448843,,
United Arab Emirates,2018,1.26389,2464.56964,53.2113281680102,47.2900009155273,10.0699996948242,0.910000026226044,98.45,32.3591,214.842,57.0,1723.0,,2.90326432456259,643634927.0,,,1529.09566701663,80.239,
United Arab Emirates,2017,,,,46.560001373291,8.3100004196167,0.680000007152557,94.8199,29.9083,214.701,63.0,1733.0,,2.84060044002548,523668921.0,,,1321.88036180403,81.397,
United Arab Emirates,2016,0.9318,2509.55341,,31.6900005340576,15.6899995803833,2.53999996185303,90.6,14.3683,220.412,57.0,1642.0,,2.61902840521391,484214896.0,,,983.425470014588,,
United Arab Emirates,2015,0.8657,2168.42732,,,,,90.5,14.2305,206.839,35.0,1714.0,,5.3019976880201,903670848.0,,,638.900479786748,,
United Arab Emirates,2014,0.67523,,,,,,90.4,13.2546,204.192,29.0,1438.0,,10.1695189703589,1465986043.0,,,419.632133249953,,
United Arab Emirates,2013,,,,,,,88.0,13.3038,205.105,21.0,1402.0,,3.60738438587124,401391775.0,,,329.25903977249,,
United Arab Emirates,2012,,,,,,,85.0,12.7381,183.741,23.0,1327.0,,3.76665999323128,493096229.0,,,293.176654966659,,
United Arab Emirates,2011,0.47252,,,,,,78.0,12.0422,162.894,33.0,1318.0,,,,,,158.20873925933,,
United Arab Emirates,2010,,,,,,,68.0,11.3401,157.473,25.0,1263.0,,,,,,114.267614461942,,
United Arab Emirates,2009,,,,,,,64.0,10.294,159.114,,,,,,,,,,
United Arab Emirates,2008,,,,,,,63.0,8.84669,148.473,,,,3.30651546598545,211099091.0,,,,,
United Arab Emirates,2007,,,,,,,61.0,6.75244,137.458,,,,,,,,,,
United Arab Emirates,2006,,,,,,,52.0,4.80366,110.185,,,,,,,,,,
United Arab Emirates,2005,,,,,,,40.0,2.77226,97.1993,,,,,,,,,,
United Arab Emirates,2004,,,,,,,30.1313,1.2677,83.1597,,,,,,,,,,
United Arab Emirates,2003,,,,,,,29.478,0.723371,70.8971,,,,,,,,,,
United Arab Emirates,2002,,,,,,,28.3165,0.420337,61.3641,,,,,,,,,,
United Arab Emirates,2001,,,,,,,26.2718,0.22489,51.2759,,,,,,,,,,
United Arab Emirates,2000,,,,,,,23.6253,0.0564751,40.8783,,,,,,,,,,
United Arab Emirates,1999,,,,,,,14.9,0.011848024,26.86844465,,,,,,,,,,
United Arab Emirates,1998,,,,,,,6.91,,16.88654733,,,,,,,,,,
United Arab Emirates,1997,,,,,,,3.3,,11.26583053,,,,,,,,,,
United Arab Emirates,1996,,,,,,,0.375,,7.534161116,,,,,,,,,,
United Arab Emirates,1995,,,,,,,0.103,,5.298629246,,,,,,,,,,
United Arab Emirates,1994,,,,,,,,,3.928169053,,,,,,,,,,
United Arab Emirates,1993,,,,,,,,,3.174853055,,,,,,,,,,
United Arab Emirates,1992,,,,,,,,,2.311609649,,,,,,,,,,
United Arab Emirates,1991,,,,,,,,,2.14142422,,,,,,,,,,
United Arab Emirates,1990,,,,,,,0.0,,1.767122718,,,,,,,,,,
United Arab Emirates,1989,,,,,,,,,1.392200196,,,,,,,,,,
United Arab Emirates,1988,,,,,,,,,0.820998752,,,,,,,,,,
United Arab Emirates,1987,,,,,,,,,0.870037547,,,,,,,,,,
United Arab Emirates,1986,,,,,,,,,0.761967402,,,,,,,,,,
United Arab Emirates,1985,,,,,,,,,0.574396029,,,,,,,,,,
United Arab Emirates,1984,,,,,,,,,0.377274558,,,,,,,,,,
United Arab Emirates,1983,,,,,,,,,0.287983245,,,,,,,,,,
United Arab Emirates,1982,,,,,,,,,0.199510899,,,,,,,,,,
United Arab Emirates,1981,,,,,,,,,,,,,,,,,,,
United Arab Emirates,1980,,,,,,,,,,,,,,,,,,,
United Arab Emirates,1979,,,,,,,,,,,,,,,,,,,
United Arab Emirates,1978,,,,,,,,,,,,,,,,,,,
United Arab Emirates,1977,,,,,,,,,,,,,,,,,,,
United Arab Emirates,1976,,,,,,,,,,,,,,,,,,,
United Arab Emirates,1975,,,,,,,,,,,,,,,,,,,
United Arab Emirates,1974,,,,,,,,,,,,,,,,,,,
United Arab Emirates,1973,,,,,,,,,,,,,,,,,,,
United Arab Emirates,1972,,,,,,,,,,,,,,,,,,,
United Arab Emirates,1971,,,,,,,,,,,,,,,,,,,
United Arab Emirates,1970,,,,,,,,,,,,,,,,,,,
United Arab Emirates,1969,,,,,,,,,,,,,,,,,,,
United Arab Emirates,1968,,,,,,,,,,,,,,,,,,,
United Arab Emirates,1967,,,,,,,,,,,,,,,,,,,
United Arab Emirates,1966,,,,,,,,,,,,,,,,,,,
United Arab Emirates,1965,,,,,,,,,,,,,,,,,,,
United Arab Emirates,1964,,,,,,,,,,,,,,,,,,,
United Arab Emirates,1963,,,,,,,,,,,,,,,,,,,
United Arab Emirates,1962,,,,,,,,,,,,,,,,,,,
United Arab Emirates,1961,,,,,,,,,,,,,,,,,,,
United Arab Emirates,1960,,,,,,,,,,,,,,,,,,,
United Kingdom,2024,,,,,,,,,,,,9.23708899585812,29.7179659620928,84767727807.0,,,68449.1953890157,85.351,
United Kingdom,2023,,,80.4987716674805,,,,96.2988,41.4368,122.796,,,8.91273931208282,28.8917146113567,82372118999.0,,,47354.4501547626,85.066,
United Kingdom,2022,,,79.7250823974609,,,,96.2989,41.2867,119.834,,,8.65599314370706,27.1597708192348,74407155054.0,,,44420.8922548962,84.478,
United Kingdom,2021,2.89711,,76.7174911499023,39.5900001525879,14.3699998855591,1.27999997138977,96.1965,41.1135,117.887,11592.0,7263.0,8.95735209282168,23.8654057182193,66732692546.0,5.90682983398438,,44113.2061387794,85.45,
United Kingdom,2020,2.93883,,69.3701629638672,37.2799987792969,13.579999923706,1.08000004291534,94.8182,40.5775,117.305,11990.0,8659.0,9.42077263731298,23.0073604990707,58169579347.0,5.43935012817383,,36636.6265132446,85.343,
United Kingdom,2019,2.6708,,65.4840774536133,,,,92.5166,40.0228,120.25,12061.0,7189.0,7.74245208143596,23.0942001089205,76930491386.0,5.26115989685059,,36099.3681619667,84.573,
United Kingdom,2018,2.71124,,61.1251182556152,,,,90.692,39.8294,118.184,12865.0,8076.0,7.9006306140742,22.3331118559009,75625933738.0,5.20437002182007,,27332.2874081673,84.291,
United Kingdom,2017,2.32602,4472.69458,59.6335182189941,33.9199981689453,11.9899997711182,1.0,90.4246,39.2489,119.207,13301.0,8771.0,7.89307708064001,22.6194649609659,73731450536.0,5.45256996154785,,21225.7223418124,84.02,
United Kingdom,2016,2.32052,4434.65942,58.110481262207,,,,94.7758,38.6589,119.787,13876.0,8183.0,7.77804452747648,23.5591126028431,73847891849.0,5.42795991897583,25.61589,8697.02928041215,84.118,
United Kingdom,2015,2.27566,4389.5625,56.4859008789062,,,,92.0003,37.7215,121.212,14867.0,7934.0,7.90452995284114,22.3335907744673,74614813819.0,5.55452013015747,22.82077,4388.16678957719,84.227,
United Kingdom,2014,2.26488,4280.79983,56.5670890808105,29.3299999237061,8.77999973297119,0.879999995231628,91.6133,36.5828,120.958,15196.0,7844.0,7.5295568292094,22.2044750130662,76056349521.0,5.60134983062744,24.32627,3250.15475085113,84.108,
United Kingdom,2013,1.62096,4171.80763,56.8150482177734,28.3899993896484,8.57999992370605,0.920000016689301,89.8441,35.782,122.185,14972.0,7966.0,7.34578041685404,23.5876424891453,74738907476.0,5.52530002593994,23.9586,2832.02107921857,84.075,
United Kingdom,2012,1.57587,4017.98198,59.1681709289551,,,,87.48,33.9048,122.465,15370.0,7865.0,7.26031989936611,23.460196722755,73189556183.0,,,2500.1177190752,83.958,
United Kingdom,2011,1.64681,3973.02377,59.3426704406738,,,,85.38,32.4187,121.498,15343.0,6916.0,7.1693925068138,23.3057218186911,75837991775.0,5.57218980789185,22.09704,1811.95314929256,85.345,
United Kingdom,2010,1.63886,4089.20558,59.8467292785645,,,,85.0,30.3961,121.781,15490.0,6439.0,7.19566403084785,23.3036586296348,66763505658.0,5.69867992401123,16.39469,1315.40196727977,85.077,
United Kingdom,2009,1.66991,4113.41572,59.1011390686035,,,,83.56,28.6007,122.357,15985.0,6480.0,6.58221542490977,20.4685287071557,48685088911.0,5.06263017654419,14.36972,,85.168,
United Kingdom,2008,1.60901,4077.28663,57.430980682373,,,,78.39,27.9071,120.819,16523.0,6856.0,6.39912697949015,20.6167865586516,67549496673.0,4.90973997116089,15.70931,,85.324,
United Kingdom,2007,1.6183,4122.71329,58.8450889587402,,,,75.09,25.3608,119.989,17375.0,7624.0,6.04935705407021,20.8808205935258,68910890387.0,4.9244499206543,17.38604,,89.738,
United Kingdom,2006,1.57626,4176.43751,59.190731048584,,,,68.82,21.3149,114.786,17484.0,8261.0,6.19256684908647,,,4.97649002075195,20.10144,,90.067,
United Kingdom,2005,1.55004,4117.74512,59.2745018005371,,,,70.0,16.3355,108.046,17833.0,10155.0,5.89149693182225,,,4.92976999282837,22.29214,,90.155,
United Kingdom,2004,1.53089,3818.23524,59.4526481628418,,,,65.61,10.1777,99.1988,19178.0,10776.0,6.60841894609656,,,4.73554992675781,19.29337,,89.637,
United Kingdom,2003,1.58131,3631.25708,61.4559783935547,,,,64.82,5.20509,90.6985,20426.0,11198.0,6.06231492016607,,,4.8012900352478,19.76077,,89.8,
United Kingdom,2002,1.61383,3335.62719,61.128231048584,,,,56.48,2.27824,82.6795,20624.0,10907.0,5.20279914739573,,,4.61192989349365,20.63792,,89.758,
United Kingdom,2001,1.59545,3078.40932,57.4872894287109,,,,33.4811,0.558223,78.0646,21423.0,10658.0,5.47792348696757,,,4.10014009475708,17.23762,,89.873,
United Kingdom,2000,1.60963,2893.37563,57.365119934082,,,,26.8218,0.089557,73.576,22050.0,10697.0,5.5921819026347,,,4.01821994781494,17.54055,,89.738,
United Kingdom,1999,1.62269,2853.23907,,,,,21.3,,46.36293399,21333.0,10399.0,5.30891701625237,,,3.988450050354,20.11308,,89.903,
United Kingdom,1998,1.54777,2694.02542,,,,,13.7,,25.45932146,19530.0,10083.0,4.58227336886473,,,4.20707988739014,21.94441,,,
United Kingdom,1997,1.53729,2495.08042,,,,,7.39,,15.17763081,17938.0,10171.0,4.11509497635673,,,,,,90.111,
United Kingdom,1996,1.5754,2485.75438,,,,,4.12,,12.48025391,18184.0,9821.0,3.70708034102407,,,4.37826013565063,23.73445,,89.515,
United Kingdom,1995,,,,,,,1.9,,9.901172035,18630.0,8891.0,3.56656007620119,,,4.83926010131836,23.62598,,89.467,
United Kingdom,1994,,,,,,,1.04,,6.818272277,18384.0,8081.0,3.96358374531602,,,4.850830078125,23.02001,,90.126,
United Kingdom,1993,,,,,,,0.52,,3.934258199,18727.0,7922.0,3.92567095279576,,,,,,89.716,
United Kingdom,1992,,,,,,,0.261,,2.620448471,18848.0,7839.0,3.73377050130535,,,4.3344898223877,21.79378,,89.577,
United Kingdom,1991,,,,,,,0.174,,2.196673629,19230.0,8357.0,4.48227383136011,,,4.1224799156189,20.68082,,,
United Kingdom,1990,,,,,,,0.0874,,1.947196982,19310.0,8928.0,,,,4.05552005767822,20.44396,,,
United Kingdom,1989,,,,,,,,,1.708245688,19732.0,9637.0,,,,4.12511014938354,20.07865,,,
United Kingdom,1988,,,,,,,,,0.983272981,20536.0,9935.0,,,,4.26831007003784,20.16751,,,
United Kingdom,1987,,,,,,,,,0.510326887,19945.0,10419.0,,,,4.37180995941162,20.7827,,,
United Kingdom,1986,,,,,,,,,0.229188337,20040.0,11063.0,2.52224159506069,,,4.38083982467651,21.0873,,,
United Kingdom,1985,,,,,,,,,0.088272091,19672.0,12293.0,,,,4.5940899848938,22.58611,,,
United Kingdom,1984,,,,,,,,,0.0,19093.0,13735.0,,,,4.89905977249146,21.91608,,,
United Kingdom,1983,,,,,,,,,0.0,19893.0,14798.0,,,,5.06150007247925,22.69803,,,
United Kingdom,1982,,,,,,,,,0.0,20530.0,16563.0,,,,5.1887001991272,22.81192,,,
United Kingdom,1981,,,,,,,,,0.0,20808.0,18406.0,,,,5.2884202003479,23.02427,,,
United Kingdom,1980,,,,,,,,,0.0,19612.0,22000.0,,,,5.07011985778809,22.42626,,,
United Kingdom,1979,,,,,,,,,0.0,,,,,,,,,,
United Kingdom,1978,,,,,,,,,0.0,,,,,,,,,,
United Kingdom,1977,,,,,,,,,0.0,,,,,,6.06335020065308,21.51866,,,
United Kingdom,1976,,,,,,,,,0.0,,,,,,6.42422008514404,20.74074,,,
United Kingdom,1975,,,,,,,,,0.0,,,,,,6.26878023147583,21.76194,,,
United Kingdom,1974,,,,,,,,,,,,,,,5.39099979400635,23.22398,,,
United Kingdom,1973,,,,,,,,,,,,,,,5.44860982894897,24.46063,,,
United Kingdom,1972,,,,,,,,,,,,,,,5.15937995910645,25.06369,,,
United Kingdom,1971,,,,,,,,,,,,,,,5.03205013275146,23.75912,,,
United Kingdom,1970,,,,,,,,,0.0,,,,,,,,,,
United Kingdom,1969,,,,,,,,,,,,,,,,,,,
United Kingdom,1968,,,,,,,,,,,,,,,,,,,
United Kingdom,1967,,,,,,,,,,,,,,,,,,,
United Kingdom,1966,,,,,,,,,,,,,,,,,,,
United Kingdom,1965,,,,,,,,,0.0,,,,,,,,,,
United Kingdom,1964,,,,,,,,,,,,,,,,,,,
United Kingdom,1963,,,,,,,,,,,,,,,,,,,
United Kingdom,1962,,,,,,,,,,,,,,,,,,,
United Kingdom,1961,,,,,,,,,,,,,,,,,,,
United Kingdom,1960,,,,,,,,,0.0,,,,,,,,,,
United States,2024,,,,39.0294779820448,15.0046269031174,2.29690777721687,,,,,,7.87536206990779,24.322982844202,232906639404.0,,,196554.134852003,71.592,
United States,2023,,,,38.601131439209,14.7866092931086,2.19523458812483,93.1444,38.1475,112.411,,,7.50979594765926,21.8459878355521,208514376770.0,,,186692.908896926,71.866,
United States,2022,3.58623,,79.361930847168,37.6599998474121,14.2200002670288,2.14000010490417,92.2016,37.4888,108.786,,,7.41605824254572,20.5789833007379,191876058536.0,,,180213.052484185,71.78,
United States,2021,3.48313,4825.1804,84.8550872802734,35.0492286682129,14.2238136050444,2.11829980726411,91.2684,37.0074,106.325,262244.0,329229.0,7.80759603820996,19.9014614131792,169281833346.0,5.42038011550903,,156949.432905341,71.375,
United States,2020,3.42467,4464.09495,87.5676574707031,37.5200004577637,14.1400003433228,2.08999991416931,90.3447,35.7157,103.855,269586.0,327586.0,8.15583930543226,19.4939761609452,141612133157.0,5.39531993865967,,140775.773474768,71.64,
United States,2019,3.14704,4265.92083,87.8887100219727,36.0551531503778,13.4416719383526,2.01936192219572,89.4303,33.8352,105.321,285113.0,336340.0,6.72149072800021,18.6853939276571,154028528002.0,4.95746994018555,,123268.08312533,73.125,
United States,2018,2.99045,4226.79136,88.2991790771484,34.9900016784668,13.0500001907349,2.02999997138977,88.4989,33.0559,103.935,285095.0,312046.0,5.7758266986912,18.4842699258676,153893519793.0,4.89502000808716,,65494.8762801956,73.175,
United States,2017,2.88357,3931.60035,88.1673889160156,32.0158805847168,12.7978126395504,1.89880351313001,87.2749,32.5703,102.381,293904.0,313052.0,5.69057151693249,19.2659699620243,154602417969.0,5.09296989440918,,30199.9571603454,73.25,
United States,2016,2.83676,3809.11997,88.8350524902344,33.439998626709,12.6099996566772,1.85000002384186,85.5444,32.1144,102.752,295327.0,310244.0,5.50438456530896,22.4192942002286,173983447240.0,4.78327989578247,,11389.9150845803,73.56,
United States,2015,2.77328,3858.04036,88.8894119262695,32.5,11.9899997711182,1.70000004768372,74.5542,31.3412,101.832,288335.0,301075.0,5.3843044542327,21.3904480368657,175321672223.0,4.93063020706177,,6337.61084209589,73.844,
United States,2014,2.70881,3824.01193,88.6268692016602,31.9599990844727,11.7700004577637,1.76999998092651,73.0,30.2709,99.8396,285096.0,293706.0,5.10256918301301,20.4843982208576,176029439000.0,,27.50228,5115.54683309614,74.352,
United States,2013,2.69592,3725.75931,88.7264175415039,31.6599998474121,11.5699996948242,1.67999994754791,71.4,29.9996,97.0595,287831.0,283781.0,5.04909537736164,20.188635370966,169309014696.0,,27.22716,4294.07370746707,74.971,
United States,2012,2.67273,3642.58414,,31.0561865240495,11.1570774319477,1.55506676921953,74.7,29.1736,96.1284,268782.0,274033.0,4.89484858839231,20.174250704896,169157788627.0,,,3836.05795090734,75.587,
United States,2011,2.73803,3659.09511,,30.4181560751516,10.9309424096095,1.49665064754897,69.7295,28.117,94.683,247750.0,255832.0,4.55691215181744,20.624916162211,166559643396.0,,,2983.8141619928,76.005,
United States,2010,2.71444,3550.08505,,29.9961309081733,10.6321425097007,1.40273258936566,71.69,27.172,91.6593,241977.0,248249.0,4.56270563272599,22.6194775165319,166133836217.0,,,2481.3058353974,76.51,
United States,2009,2.79181,3790.4393,,29.7172554260736,10.461889316078,1.29188011704357,71.0,25.9695,89.0461,224912.0,231194.0,4.77071841181492,24.3626446890131,150978138467.0,,,,77.33,
United States,2008,2.74481,3668.58989,,29.5267774375668,10.2841371908793,1.2782499778767,74.0,25.291,85.6805,231588.0,224733.0,4.41779618705967,28.4192806106129,243132032706.0,,,,77.725,
United States,2007,2.61516,3543.24508,,29.1170692702114,10.0739925236959,1.27864249608635,75.0,23.7553,82.5923,241347.0,214807.0,4.10363597480521,29.8991351588255,240663518341.0,,,,77.73,
United States,2006,2.54545,3596.55336,,28.4415736430702,9.92632038729731,1.32658610685697,68.9312,20.1646,76.8586,221784.0,204182.0,4.0752943845932,,,,,,77.781,
United States,2005,2.50193,3560.28174,80.6348266601562,27.9080910965083,9.6953829387804,1.28765116688425,67.9681,17.2991,68.8835,207867.0,182866.0,4.11318660995006,,,,,,77.896,
United States,2004,2.48686,3637.14002,,27.7378357639175,9.57169831923225,1.27856725200405,64.7583,12.7576,63.1242,189536.0,167407.0,4.35628103803075,,,,,,77.87,
United States,2003,2.55015,3779.03771,,27.470244377619,9.39317214018682,1.21714701285406,61.6971,9.57005,55.4096,188941.0,153500.0,4.73508321158077,,,,,,78.087,
United States,2002,2.54745,3576.98706,,26.8990001359402,9.10612118440465,1.21860474471829,58.7854,6.92533,49.3932,184245.0,150200.0,4.33487584140749,,,,,,78.49,
United States,2001,2.63715,3529.26596,,26.2660135830579,8.93426357181637,1.24374023324547,49.0808,4.50008,45.202,177513.0,148958.0,4.52834705826436,,,,,,78.87,
United States,2000,2.61983,3487.83262,,25.871996968313,8.69220157913497,1.19623244884809,43.0792,2.51164,38.8931,164795.0,131100.0,4.11075655234663,,,,,,79.31,
United States,1999,2.54362,3478.63413,,25.607379017249,8.58625764807141,1.18148429654623,35.8,0.986557204,30.82116044,149251.0,116512.0,4.43134278427465,,,,,,79.748,
United States,1998,2.49621,3413.24357,,24.8992515998925,8.30882460075053,1.11743330691961,30.1,0.255913845,25.09083926,134733.0,102246.0,3.52902000631738,,,,,,80.254,
United States,1997,2.47714,3237.46993,,24.1817557730023,7.99047738506278,1.06590261565289,21.6,,20.30588082,119214.0,101282.0,2.89269913664177,,,,,,80.491,
United States,1996,2.45013,3126.53057,,23.7563569347269,7.8767275001042,1.04421906367051,16.4,,16.37381226,106892.0,105054.0,2.53679310272843,,,,,,80.534,
United States,1995,,,,23.1610209652629,7.79522892367263,1.0303885240219,9.24,,12.71760532,123962.0,104180.0,2.57576656188838,,,,,,80.86,
United States,1994,,,,22.5114912460667,7.52341105786085,0.997052378968461,4.86,,9.202002036,107233.0,95522.0,2.5928790638489,,,,,,81.128,
United States,1993,,,,,,,2.27,,6.186519908,99955.0,84241.0,2.40168682864381,,,,,,,
United States,1992,,,,,,,1.72,,4.323596882,92425.0,90922.0,2.43509012259516,,,,,,,
United States,1991,,,,,,,1.16,,3.004111275,87955.0,84160.0,3.33008644831365,,,,,,,
United States,1990,,,,,,,0.785,,2.129545117,90643.0,80520.0,2.73907750574868,,,,,,,
United States,1989,,,,,,,,,1.432490449,82370.0,76337.0,3.00456190026742,,,,,,,
United States,1988,,,,,,,,,0.854125086,75192.0,68644.0,3.23851598070595,,,,,,,
United States,1987,,,,,,,,,0.513170208,68315.0,63522.0,2.93223328130385,,,,,,,
United States,1986,,,,,,,,,0.28706876,65195.0,55721.0,3.38642890921464,,,,,,,
United States,1985,,,,,,,,,0.14468149,63673.0,51562.0,1.99745529667684,,,,,,,
United States,1984,,,,,,,,,0.039352779,61841.0,49443.0,1.88429845037545,,,,,,,
United States,1983,,,,,,,,,,59391.0,44312.0,2.00872002491436,,,,,,,
United States,1982,,,,,,,,,,63316.0,46309.0,1.85966557274574,,,,,,,
United States,1981,,,,,,,,,,62404.0,44009.0,1.55458515283843,,,,,,,
United States,1980,,,,,,,,,0.0,62098.0,42231.0,1.99789695057834,,,,,,,
United States,1979,,,,,,,,,0.0,,,2.85851877222756,,,,,,,
United States,1978,,,,,,,,,0.0,,,2.82087447108604,,,,,,,
United States,1977,,,,,,,,,0.0,,,2.79832743647475,,,,,,,
United States,1976,,,,,,,,,0.0,,,2.79187817258883,,,,,,,
United States,1975,,,,,,,,,0.0,,,2.78611230175739,,,,,,,
United States,1974,,,,,,,,,,,,2.64805007221955,,,,,,,
United States,1973,,,,,,,,,,,,2.93427230046948,,,,,,,
United States,1972,,,,,,,,,,,,2.54681647940075,,,,,,,
United States,1971,,,,,,,,,,,,2.421875,,,,,,,
United States,1970,,,,,,,,,0.0,,,2.62008733624454,,,,,,,
United States,1969,,,,,,,,,,,,,,,,,,,
United States,1968,,,,,,,,,,,,,,,,,,,
United States,1967,,,,,,,,,,,,,,,,,,,
United States,1966,,,,,,,,,,,,,,,,,,,
United States,1965,,,,,,,,,0.0,,,,,,,,,,
United States,1964,,,,,,,,,,,,,,,,,,,
United States,1963,,,,,,,,,,,,,,,,,,,
United States,1962,,,,,,,,,,,,,,,,,,,
United States,1961,,,,,,,,,,,,,,,,,,,
United States,1960,,,,,,,,,0.0,,,,,,,,,,
